"","session","ST_GENDER","ST_AGE","DA_ILWOTA_01_t1","DA_ILWOTA_01_t2","DA_ILWOTA_01_t3","DA_ILWOTA_01_t4","DA_ILWOTA_01_t5","DA_ILWOTA_01_t6","DA_ILWOTA_01_t7","DA_ILWOTA_01_t8","DA_ILWOTA_01_t9","DA_ILWOTA_01_t10","DA_ILWOTA_02_t1","DA_ILWOTA_02_t2","DA_ILWOTA_02_t3","DA_ILWOTA_02_t4","DA_ILWOTA_02_t5","DA_ILWOTA_02_t6","DA_ILWOTA_02_t7","DA_ILWOTA_02_t8","DA_ILWOTA_02_t9","DA_ILWOTA_02_t10","DA_ILWOTA_03_t1","DA_ILWOTA_03_t2","DA_ILWOTA_03_t3","DA_ILWOTA_03_t4","DA_ILWOTA_03_t5","DA_ILWOTA_03_t6","DA_ILWOTA_03_t7","DA_ILWOTA_03_t8","DA_ILWOTA_03_t9","DA_ILWOTA_03_t10","DA_ILWOTA_04_t1","DA_ILWOTA_04_t2","DA_ILWOTA_04_t3","DA_ILWOTA_04_t4","DA_ILWOTA_04_t5","DA_ILWOTA_04_t6","DA_ILWOTA_04_t7","DA_ILWOTA_04_t8","DA_ILWOTA_04_t9","DA_ILWOTA_04_t10","DA_PSYSAFE_01_t1","DA_PSYSAFE_01_t2","DA_PSYSAFE_01_t3","DA_PSYSAFE_01_t4","DA_PSYSAFE_01_t5","DA_PSYSAFE_01_t6","DA_PSYSAFE_01_t7","DA_PSYSAFE_01_t8","DA_PSYSAFE_01_t9","DA_PSYSAFE_01_t10","DA_PSYSAFE_02_t1","DA_PSYSAFE_02_t2","DA_PSYSAFE_02_t3","DA_PSYSAFE_02_t4","DA_PSYSAFE_02_t5","DA_PSYSAFE_02_t6","DA_PSYSAFE_02_t7","DA_PSYSAFE_02_t8","DA_PSYSAFE_02_t9","DA_PSYSAFE_02_t10","DA_PSYSAFE_03_t1","DA_PSYSAFE_03_t2","DA_PSYSAFE_03_t3","DA_PSYSAFE_03_t4","DA_PSYSAFE_03_t5","DA_PSYSAFE_03_t6","DA_PSYSAFE_03_t7","DA_PSYSAFE_03_t8","DA_PSYSAFE_03_t9","DA_PSYSAFE_03_t10","DA_PSYSAFE_04_t1","DA_PSYSAFE_04_t2","DA_PSYSAFE_04_t3","DA_PSYSAFE_04_t4","DA_PSYSAFE_04_t5","DA_PSYSAFE_04_t6","DA_PSYSAFE_04_t7","DA_PSYSAFE_04_t8","DA_PSYSAFE_04_t9","DA_PSYSAFE_04_t10","DA_PSYSAFE_05_t1","DA_PSYSAFE_05_t2","DA_PSYSAFE_05_t3","DA_PSYSAFE_05_t4","DA_PSYSAFE_05_t5","DA_PSYSAFE_05_t6","DA_PSYSAFE_05_t7","DA_PSYSAFE_05_t8","DA_PSYSAFE_05_t9","DA_PSYSAFE_05_t10","DA_PSYSAFE_06_t1","DA_PSYSAFE_06_t2","DA_PSYSAFE_06_t3","DA_PSYSAFE_06_t4","DA_PSYSAFE_06_t5","DA_PSYSAFE_06_t6","DA_PSYSAFE_06_t7","DA_PSYSAFE_06_t8","DA_PSYSAFE_06_t9","DA_PSYSAFE_06_t10","DA_ANTC_01_t1","DA_ANTC_01_t2","DA_ANTC_01_t3","DA_ANTC_01_t4","DA_ANTC_01_t5","DA_ANTC_01_t6","DA_ANTC_01_t7","DA_ANTC_01_t8","DA_ANTC_01_t9","DA_ANTC_01_t10","DA_ANTC_02_r_t1","DA_ANTC_02_r_t2","DA_ANTC_02_r_t3","DA_ANTC_02_r_t4","DA_ANTC_02_r_t5","DA_ANTC_02_r_t6","DA_ANTC_02_r_t7","DA_ANTC_02_r_t8","DA_ANTC_02_r_t9","DA_ANTC_02_r_t10","DA_MOOD_ANG_01_t1","DA_MOOD_ANG_01_t2","DA_MOOD_ANG_01_t3","DA_MOOD_ANG_01_t4","DA_MOOD_ANG_01_t5","DA_MOOD_ANG_01_t6","DA_MOOD_ANG_01_t7","DA_MOOD_ANG_01_t8","DA_MOOD_ANG_01_t9","DA_MOOD_ANG_01_t10","DA_MOOD_ANG_02_t1","DA_MOOD_ANG_02_t2","DA_MOOD_ANG_02_t3","DA_MOOD_ANG_02_t4","DA_MOOD_ANG_02_t5","DA_MOOD_ANG_02_t6","DA_MOOD_ANG_02_t7","DA_MOOD_ANG_02_t8","DA_MOOD_ANG_02_t9","DA_MOOD_ANG_02_t10","DA_MOOD_ANG_03_t1","DA_MOOD_ANG_03_t2","DA_MOOD_ANG_03_t3","DA_MOOD_ANG_03_t4","DA_MOOD_ANG_03_t5","DA_MOOD_ANG_03_t6","DA_MOOD_ANG_03_t7","DA_MOOD_ANG_03_t8","DA_MOOD_ANG_03_t9","DA_MOOD_ANG_03_t10","t_t1","t_t2","t_t3","t_t4","t_t5","t_t6","t_t7","t_t8","t_t9","t_t10"
"1","GNzseWN54oLXACHpgu76FSaVPWr-0RoPU0FLwzVNVJ2F4oofGldu8vZjeVe18R2E",1,27,3,5,1,NA,1,2,1,3,2,3,1,1,1,NA,1,1,3,5,1,2,3,2,1,NA,1,1,1,1,3,3,1,4,1,NA,1,1,3,1,1,4,5,4,4,NA,3,5,6,4,5,1,6,6,4,NA,4,5,6,3,5,2,4,3,2,NA,3,4,6,3,5,2,6,6,3,NA,3,4,6,1,4,1,4,6,1,NA,3,3,6,1,5,1,6,3,4,NA,3,4,6,4,4,2,62,100,70,NA,20,70,100,100,60,90,37,20,43,NA,85,60,10,0,80,90,4,3,1,NA,1,1,1,1,1,1,4,3,2,NA,1,1,1,4,2,3,2,4,3,NA,1,1,1,3,3,2,1,2,3,4,5,6,7,8,9,10
"2","En6I3O-6uskCuUt3PbKgoF8SrEbpiZEHkjcQtUttftkSx3YiHSF9LW1E7adQno-W",2,44,1,1,1,1,2,2,2,2,1,2,1,1,1,1,2,2,1,1,1,1,3,1,1,3,4,2,2,2,1,2,2,2,2,3,2,2,1,1,1,4,3,4,4,4,2,3,3,4,4,3,5,4,2,5,4,5,5,5,4,5,2,3,3,3,2,3,3,3,3,3,3,4,4,5,6,5,6,6,5,6,5,4,5,5,4,5,5,5,5,5,1,2,1,2,2,2,3,3,2,2,70,66,40,90,25,20,30,30,60,80,50,34,80,20,80,80,93,80,70,60,1,1,1,1,1,1,1,1,1,1,1,1,1,2,1,1,1,1,1,1,2,1,1,2,2,1,1,1,1,1,1,2,3,4,5,6,7,8,9,10
"3","gV_qMoDBuP3sFBKD0hIGctOK5A7m9_6q8pWHepcrgfIZ9Zbv5-VRP1J6wsDkSeO6",1,32,1,1,1,NA,NA,NA,NA,NA,NA,NA,1,1,1,NA,NA,NA,NA,NA,NA,NA,1,1,1,NA,NA,NA,NA,NA,NA,NA,1,1,1,NA,NA,NA,NA,NA,NA,NA,3,6,6,NA,NA,NA,NA,NA,NA,NA,5,6,6,NA,NA,NA,NA,NA,NA,NA,1,6,6,NA,NA,NA,NA,NA,NA,NA,5,6,6,NA,NA,NA,NA,NA,NA,NA,5,6,6,NA,NA,NA,NA,NA,NA,NA,3,6,6,NA,NA,NA,NA,NA,NA,NA,0,0,0,NA,NA,NA,NA,NA,NA,NA,100,0,100,NA,NA,NA,NA,NA,NA,NA,4,5,4,NA,NA,NA,NA,NA,NA,NA,4,5,4,NA,NA,NA,NA,NA,NA,NA,4,5,4,NA,NA,NA,NA,NA,NA,NA,1,2,3,NA,NA,NA,NA,NA,NA,NA
"4","52uu82_bvBNo_KPUY8gwVHjqZHU8GyOCZhRPTetexFLa769u97UoAVuBVCk7SnOL",2,65,1,1,1,1,1,1,1,1,1,1,1,1,1,1,1,1,1,1,1,1,1,1,1,1,1,1,1,1,1,1,1,1,1,1,1,1,1,1,1,1,2,3,3,6,2,6,6,6,6,6,6,6,6,6,6,6,6,5,6,6,6,6,6,6,6,6,6,1,6,6,6,3,6,6,6,6,6,5,6,6,6,6,6,6,6,6,6,5,6,6,6,6,6,6,6,6,6,4,6,6,40,33,50,20,20,20,29,10,22,50,80,72,78,80,80,90,82,75,69,50,1,1,1,1,1,1,1,1,1,1,1,1,1,1,1,1,1,1,1,1,1,1,1,1,1,1,1,1,1,2,1,2,3,4,5,6,7,8,9,10
"5","JaACkwHXlc8HB5c6nYWkILQWz9hhyLwuvFMyxgZJ3P1iq_wqZeHkfwZfhpdFZrL3",1,34,2,1,1,1,1,1,1,1,1,1,1,2,1,1,1,1,1,1,1,1,1,2,1,1,1,2,1,1,1,1,2,2,2,1,1,2,1,2,1,2,2,6,4,5,5,5,5,5,5,5,6,6,4,6,5,6,6,5,5,5,6,6,6,6,6,6,6,6,6,6,4,4,4,6,5,6,5,4,5,4,5,5,5,5,5,5,5,5,5,5,6,6,4,5,6,6,5,4,4,4,25,9,21,23,29,20,25,28,24,27,68,77,34,34,100,29,25,21,17,22,2,2,1,3,1,1,3,1,1,1,2,2,1,3,1,1,2,1,1,1,4,3,2,3,2,1,3,1,1,2,1,2,3,4,5,6,7,8,9,10
"6","5UqUs7skgodf-KWAEGDIJo28GTEiQy8fE2txL4BUv8IodvDSb7cPP51vW9SQHzmE",1,31,3,1,2,3,1,1,2,1,1,1,1,1,1,1,1,1,1,1,1,1,1,1,1,3,1,1,2,1,1,1,1,1,1,2,1,1,1,1,1,1,1,4,4,5,5,5,4,4,4,6,4,4,5,5,5,5,5,4,4,5,1,6,4,4,6,6,6,6,6,6,4,4,4,5,5,5,5,4,5,4,1,5,5,4,6,5,6,6,6,6,4,4,4,4,6,5,4,6,5,6,65,40,40,40,70,50,50,50,60,80,89,80,75,79,80,80,70,81,70,70,1,2,2,1,1,1,1,1,1,3,2,2,3,3,2,1,2,1,1,2,3,3,3,3,3,2,3,1,2,2,1,2,3,4,5,6,7,8,9,10
"7","lENjpEbGFFhnQKfDJ_mAluvWHDt0tuRliaPeF9jNXJg0E1dXmt-ci64V6SNnaHKI",1,32,1,1,1,1,1,1,1,1,1,1,1,1,1,1,1,1,1,1,1,1,1,1,1,1,2,3,1,1,1,1,1,1,1,2,2,1,1,1,1,1,4,5,6,6,5,5,5,5,5,5,5,6,6,5,5,5,5,5,5,5,6,6,6,3,3,3,3,3,3,3,5,5,5,5,5,5,5,5,5,5,5,5,5,5,5,5,5,5,5,5,5,3,6,4,5,5,5,4,5,5,62,24,59,76,36,68,35,50,50,51,82,54,70,68,50,66,50,50,48,75,1,1,1,1,1,1,1,1,1,1,3,1,1,1,1,1,1,1,1,1,4,1,2,1,1,2,1,1,1,2,1,2,3,4,5,6,7,8,9,10
"8","cXsaC6WznMV_RoTkvywee6dTOY_jnXnYjw-htgfEjl5FWD0KVgw998WTI3dCGRYD",2,45,3,2,2,NA,1,1,1,2,2,2,3,3,3,NA,1,1,1,3,2,2,2,2,3,NA,1,1,2,4,2,2,2,1,2,NA,1,1,1,2,1,2,4,2,1,NA,1,3,2,2,2,3,4,4,3,NA,2,5,4,4,4,4,3,4,2,NA,2,2,2,3,2,3,4,4,4,NA,4,5,5,4,4,4,5,4,5,NA,5,5,5,5,4,5,2,3,4,NA,3,4,5,3,3,3,30,60,80,NA,80,80,75,90,70,70,40,20,20,NA,20,15,30,10,40,30,2,1,4,NA,2,2,2,2,2,2,2,2,4,NA,2,2,2,3,3,2,3,2,3,NA,2,2,2,3,3,3,1,2,3,4,5,6,7,8,9,10
"9","D8W99cyrEcOdhsmQQTMXmHf-G6lxGt7HUf5QJ2XrorhN9SH1g5gQY1p394__ZK7h",1,51,2,3,4,4,1,2,NA,4,1,1,1,2,3,2,1,1,NA,1,1,1,1,4,2,1,1,1,NA,1,1,1,1,2,3,1,1,2,NA,1,1,1,4,4,5,5,5,5,NA,5,5,5,5,4,5,5,4,5,NA,5,4,4,3,4,5,5,5,5,NA,5,4,4,4,4,5,5,5,4,NA,5,4,4,4,4,5,5,5,4,NA,5,5,4,5,4,4,5,5,4,NA,5,5,5,20,77,81,88,100,80,NA,100,100,100,80,78,80,93,50,87,NA,50,77,85,1,1,2,1,1,1,NA,1,1,1,1,2,2,1,1,1,NA,1,1,1,3,2,4,1,1,1,NA,1,1,1,1,2,3,4,5,6,7,8,9,10
"10","nYRrhKDJsJy4WIqkMvSSoqtEDieS8r8OUNKmKAYX_TsPg5JyGf72M_CYXICmeGnC",1,47,2,2,1,1,2,1,2,1,2,1,1,1,1,1,1,1,1,1,2,1,1,1,1,1,1,1,1,1,1,1,1,1,1,1,1,1,1,1,1,1,5,5,4,4,4,4,4,4,4,5,5,5,5,5,5,5,5,5,5,5,4,4,4,4,4,4,4,4,4,4,5,5,5,5,5,5,5,5,5,5,5,5,5,5,4,4,5,5,5,5,4,4,3,4,3,3,3,4,4,4,51,65,81,70,85,75,85,78,90,75,80,85,85,91,80,85,75,86,70,85,1,1,1,1,1,1,1,1,1,1,1,1,1,1,1,1,1,1,1,1,1,1,2,2,1,1,1,1,2,1,1,2,3,4,5,6,7,8,9,10
"11","Vpbt6mTiR8yTL5SBHh0g_-9dzoNTqmXtYyXeXe1FoB-Q9jqn6rujTGcZTE4_MtFP",2,32,1,1,2,1,1,1,1,1,1,1,1,1,2,1,1,1,1,1,1,1,5,1,1,1,1,1,1,1,1,1,1,1,1,1,1,1,1,1,1,1,6,5,1,6,3,6,5,1,5,6,6,5,5,6,6,6,5,1,5,6,6,6,2,6,6,6,5,1,5,6,6,5,3,6,6,6,3,1,5,6,6,1,1,6,6,6,6,1,5,6,6,1,1,6,6,6,6,1,5,6,60,70,100,67,50,0,66,62,58,50,85,55,0,40,50,100,62,59,50,50,1,1,1,1,1,1,1,1,1,1,4,1,1,2,1,1,1,1,2,1,4,1,2,2,1,1,1,1,1,NA,1,2,3,4,5,6,7,8,9,10
"12","TtCsYnZlHCDkOKz4MGKR-QZ9JnPA51CPA51ZcunssUEdpWX6_oIKQNVAkEkhEmw-",1,47,1,1,1,1,1,1,1,1,1,1,1,1,1,1,1,1,1,1,1,1,1,1,1,1,1,1,1,1,1,1,1,1,1,1,1,1,1,1,1,1,5,5,1,5,5,5,5,5,6,5,NA,NA,NA,NA,NA,NA,NA,NA,6,6,NA,NA,NA,NA,NA,6,NA,6,6,6,5,5,5,5,5,5,5,5,5,5,NA,5,5,5,5,5,5,5,5,5,NA,4,3,4,4,5,4,4,4,4,50,65,50,79,69,85,74,100,50,76,80,75,80,80,66,70,76,50,50,75,1,1,1,1,1,1,1,1,1,1,1,1,1,1,1,1,1,1,3,3,1,1,1,1,1,1,1,1,1,1,1,2,3,4,5,6,7,8,9,10
"13","jsHuyRRqXPMr1NwB-a0wGiKJ9hPbj4dM8137qQHABaHl70WG6PvJAdY8t-oqiRMM",2,42,5,1,3,3,3,5,2,4,5,5,3,1,1,1,1,1,2,4,2,1,1,1,1,3,1,3,2,1,4,4,1,3,1,3,1,1,2,1,1,1,5,5,4,5,5,4,5,4,4,2,5,5,5,5,5,5,5,5,5,5,3,3,3,3,4,1,3,3,2,1,5,5,5,5,5,4,3,4,3,3,5,5,5,5,5,5,5,5,5,5,3,4,5,5,4,5,5,4,5,4,74,26,50,57,69,70,34,55,100,91,50,64,50,40,42,38,94,38,90,39,1,1,1,1,1,1,1,1,1,1,1,1,1,1,1,2,1,1,1,2,3,2,2,2,2,3,2,2,3,2,1,2,3,4,5,6,7,8,9,10
"14","0LpEzQxIFd_IlyiG4SHBpgjAlOO4ehbXgH89dAvLUjSiI0CIRE1Nm7fKbA2IA6lv",1,58,4,5,1,2,3,1,1,4,1,1,1,2,1,1,1,1,1,1,1,1,1,1,1,1,1,1,1,1,1,1,1,1,1,1,1,1,1,1,1,1,3,5,5,5,4,4,5,4,4,4,3,4,2,5,3,1,1,2,2,2,3,5,3,4,4,4,4,4,4,4,5,3,5,5,5,5,5,5,5,5,5,4,4,4,5,5,5,5,1,1,5,5,4,5,5,5,5,5,5,5,38,30,54,50,63,65,67,75,77,75,60,33,50,50,66,64,66,77,80,77,1,1,2,1,1,1,1,1,1,1,1,1,1,1,1,1,1,1,1,1,1,2,2,1,1,1,1,3,1,1,1,2,3,4,5,6,7,8,9,10
"15","Pp2LjgzStN5ZVpJ_s52XG0txZNRTth2IjSiMvYsVn9ESnlveLvPewdIgVx6e6E16",2,48,NA,1,NA,1,1,3,1,3,3,4,NA,1,NA,1,1,1,1,1,1,1,NA,2,NA,1,1,1,1,1,1,1,NA,1,NA,5,1,1,1,3,1,1,NA,3,NA,5,6,3,3,5,5,6,NA,5,NA,5,6,3,6,6,5,3,NA,3,NA,3,6,1,6,3,6,6,NA,5,NA,6,6,1,6,2,5,4,NA,5,NA,5,6,1,6,6,6,6,NA,6,NA,3,6,1,6,6,6,6,NA,100,NA,75,75,75,75,100,100,50,NA,60,NA,75,100,75,25,50,50,100,NA,1,NA,1,1,1,1,1,1,1,NA,1,NA,2,3,2,1,3,3,1,NA,2,NA,1,2,2,2,1,1,1,1,2,3,4,5,6,7,8,9,10
"16","OI3gNBcdNt2EkIaGpp99nAFQwHonq2RwMSbKe7QUW13IcXGpXEmf5DEabPg5RN4B",1,18,2,1,4,1,1,NA,1,4,5,1,4,2,2,2,2,1,2,1,1,3,1,1,1,1,1,1,1,1,1,1,3,1,2,2,2,2,1,1,2,2,NA,1,2,6,1,6,1,6,1,6,NA,1,3,6,1,6,1,6,1,6,NA,3,4,6,1,6,2,6,3,6,NA,2,1,6,1,6,1,6,1,6,NA,2,1,6,1,6,1,6,1,6,NA,1,1,6,1,6,1,6,1,6,NA,70,65,79,76,75,30,80,87,66,NA,30,30,23,23,18,12,16,16,19,2,1,1,1,2,1,2,1,3,1,2,2,1,1,2,1,2,1,2,1,2,2,2,1,1,1,2,1,2,1,1,2,3,4,5,6,7,8,9,10
"17","n5ljJrwvj2nh4I7GteDkehx9e4Tpd8Rkgx4i5Ww99v3RsRokYzE_zHARkT0kOWJv",1,25,1,1,1,1,1,1,1,1,1,1,1,1,1,1,1,1,1,1,1,1,1,1,1,1,1,1,1,1,1,1,1,1,1,1,1,1,1,1,1,1,3,6,5,6,5,6,5,2,5,5,5,6,5,6,5,6,5,5,5,5,1,6,6,6,5,6,5,2,3,3,5,6,5,6,5,6,3,5,5,5,5,6,5,6,5,6,5,5,5,5,5,6,5,6,5,6,4,5,5,5,15,62,50,30,65,30,41,55,20,60,100,66,70,70,75,50,70,66,80,80,1,1,1,1,1,1,1,1,1,1,1,1,1,1,1,1,1,3,1,1,2,1,2,1,1,1,1,3,3,1,1,2,3,4,5,6,7,8,9,10
"18","aU2A9Jtl3dATdURIz7OYAoStBa2iANjd_Y3qdidrMnS-qohrODc0jcCFa3yMDOR8",1,27,1,1,1,2,1,1,1,1,1,1,1,1,1,1,1,1,1,1,1,1,1,1,1,1,1,1,1,1,1,1,1,1,1,1,1,1,1,1,1,1,5,5,5,5,4,4,4,4,3,3,5,5,5,5,4,5,5,5,5,5,3,4,5,5,4,4,4,4,3,3,5,5,5,5,5,5,5,5,5,5,5,5,5,5,5,5,5,5,5,5,5,5,5,5,5,5,5,5,5,5,31,50,50,50,46,50,29,50,50,50,50,50,50,50,74,50,70,49,61,50,1,1,1,1,1,1,1,1,1,1,1,1,1,1,1,1,1,1,1,1,1,1,1,1,1,1,1,1,1,1,1,2,3,4,5,6,7,8,9,10
"19","ApZQF3GJia8aK3kbsqy9HY76yleREpqpZIvkOHJTbQlloh4FgV7UTv3IEyThiAj4",1,60,3,3,2,1,2,3,2,1,3,2,2,2,1,1,2,2,2,1,3,1,3,3,1,1,2,2,2,1,4,1,2,2,1,1,2,2,2,1,1,1,3,6,2,6,2,6,6,6,3,6,4,6,3,6,3,6,6,6,3,6,6,6,4,6,2,6,6,6,2,6,4,6,3,6,4,NA,4,6,4,6,6,6,2,6,2,6,6,6,2,6,3,6,3,6,3,6,6,6,3,6,90,79,79,86,86,94,50,87,78,83,50,90,52,48,65,55,90,68,49,73,2,1,1,2,2,2,1,1,2,1,2,3,2,2,2,2,1,1,2,1,3,3,2,2,2,2,1,1,2,1,1,2,3,4,5,6,7,8,9,10
"20","X9ubmUNlR6EAtI02fVg7qZ40eAjrzd-wUmPSgWruneCEkQgWwclPp60TPhD_5tst",2,64,1,1,1,2,1,1,3,1,1,1,1,1,1,1,1,1,2,1,1,1,2,1,1,1,1,1,2,1,1,1,2,1,1,1,1,1,1,1,1,1,1,1,1,1,6,6,6,6,6,6,3,1,2,4,6,6,6,6,6,6,1,1,2,1,6,6,6,6,6,6,4,4,3,4,6,6,6,6,6,6,1,3,1,1,6,6,6,6,6,6,1,4,3,4,6,6,6,6,6,6,42,37,56,70,67,64,69,68,72,55,73,67,63,76,70,77,69,76,69,60,1,1,1,1,1,1,2,1,1,1,1,1,1,1,1,1,2,1,1,1,2,1,1,2,1,2,2,2,1,1,1,2,3,4,5,6,7,8,9,10
"21","I5QRGpjdTVbmuFmJZDk_QwUGvhYmbTzDBOhJrsr57KU3xHOGPOBDM7EZkJh-T0vr",2,25,1,1,1,4,1,1,1,1,1,1,1,1,1,2,1,1,1,1,1,1,3,1,3,4,1,1,1,1,1,1,3,1,3,2,2,2,2,1,1,1,3,6,3,2,6,4,6,6,6,4,3,6,4,4,6,4,6,6,6,4,2,6,3,3,6,2,6,6,6,4,3,6,4,4,6,3,6,6,6,4,5,6,4,4,6,4,6,6,6,4,1,6,2,2,6,2,6,6,6,1,13,14,14,13,5,36,13,11,13,17,30,28,32,28,49,22,15,16,35,23,1,1,1,1,1,1,1,1,1,1,1,1,1,1,1,1,1,1,1,1,1,1,1,1,1,1,1,1,1,1,1,2,3,4,5,6,7,8,9,10
"22","8RZR1Msg-N-PZF1EKt7FsfuLuhfRoMvAjcZwiSmeTX7HB1d3MgseAciWNCk9ANEX",2,32,3,2,3,2,2,2,3,1,3,2,2,2,1,1,1,2,2,1,1,2,2,2,2,2,1,2,3,2,3,2,2,2,2,1,2,2,2,1,1,2,2,4,5,1,3,2,2,5,4,2,2,4,4,4,4,2,4,4,3,4,3,4,4,3,4,2,3,4,3,3,4,4,4,4,4,2,4,3,3,4,3,4,4,2,4,2,3,3,3,2,3,4,4,1,4,2,3,3,3,2,50,75,50,50,50,50,50,50,50,50,50,14,50,50,50,50,50,50,50,50,1,1,1,1,1,1,1,1,1,1,1,2,1,1,1,1,1,1,1,1,2,2,1,1,1,1,1,1,1,1,1,2,3,4,5,6,7,8,9,10
"23","NuRrXhvrdmhuntMTWGoHdKCs0-ws5sK4OMiAl4oRZi1Vgj1IMueucx7RMWCG6CH7",2,26,2,1,2,2,1,2,1,2,2,1,2,1,2,2,1,2,1,2,2,1,2,1,2,2,1,2,1,2,2,1,3,2,2,2,1,2,2,2,2,1,4,6,5,6,6,4,6,6,6,3,6,6,3,6,6,4,6,6,6,3,4,6,3,6,6,4,6,6,6,3,6,6,3,6,6,4,6,6,6,3,6,6,1,6,6,4,6,6,6,3,6,6,3,6,6,4,6,6,6,3,25,50,50,50,50,50,50,50,50,50,75,50,50,50,50,50,50,50,50,50,1,1,1,1,1,4,1,1,1,1,1,1,1,1,1,1,3,1,3,1,2,1,1,1,1,4,3,1,3,1,1,2,3,4,5,6,7,8,9,10
"24","15i3z455hgZ-Z1QDvlqGWCtsJZt6phuOcsDA5HDrDNJvE6KqxtfbZPpP619XSOiD",2,25,3,1,1,1,1,1,1,1,1,1,1,1,1,1,1,1,1,1,1,1,1,1,1,1,1,1,1,1,1,1,1,1,1,1,1,1,1,1,1,1,5,5,4,5,5,5,5,5,5,NA,4,4,4,5,5,5,5,5,5,5,2,4,6,6,6,6,6,6,6,6,4,5,5,5,5,5,5,5,5,5,3,5,4,6,3,6,6,1,3,4,4,4,3,4,4,4,3,4,4,4,40,42,35,21,27,18,0,13,18,16,73,69,64,80,79,79,100,84,73,85,2,3,1,1,1,1,1,1,1,1,3,3,3,1,1,1,1,1,1,1,4,4,3,3,3,4,4,4,3,4,1,2,3,4,5,6,7,8,9,10
"25","fu26CmbDV4i2kjxknIHqv2gegS2wsK-tPiazTaWq_wmK7sB_oUqmyzQkhA8MWNPk",1,26,2,2,2,3,2,2,3,1,3,1,3,1,2,3,1,1,1,2,1,1,2,1,2,2,1,4,1,1,1,1,1,1,1,1,1,1,1,4,2,2,2,1,3,4,4,3,2,2,3,4,5,2,5,3,5,5,5,5,5,5,1,1,2,3,2,1,1,3,2,2,5,4,4,4,5,4,4,4,5,5,5,5,5,5,5,5,5,5,5,5,3,4,4,3,4,4,4,3,4,5,100,100,86,51,39,63,31,68,46,69,58,51,56,40,73,52,57,42,50,50,1,1,1,1,1,1,1,1,1,2,2,2,1,4,1,4,2,1,3,2,2,2,3,4,1,3,3,4,3,3,1,2,3,4,5,6,7,8,9,10
"26","iWnT7XyQgZfdwSp8auRmC3EPsdIbZYV4aSUnBvhVadJYqtb4bkPB27UGrSH18JuE",2,25,1,1,1,4,4,3,NA,3,1,1,1,2,1,1,3,2,NA,1,1,1,1,1,1,2,1,4,NA,1,1,1,1,1,1,2,2,1,NA,1,1,1,3,6,6,6,1,1,NA,2,6,6,4,5,6,6,4,2,NA,4,6,6,1,6,6,6,2,1,NA,1,6,6,5,6,6,6,4,1,NA,3,6,6,6,6,6,6,3,2,NA,4,6,6,6,6,6,6,2,1,NA,2,6,6,65,30,75,80,79,85,NA,25,26,80,92,71,40,60,61,60,NA,76,55,63,2,1,1,1,1,1,NA,1,1,1,1,1,1,1,1,3,NA,3,1,3,1,3,2,2,1,3,NA,3,4,3,1,2,3,4,5,6,7,8,9,10
"27","HEVjQgBDKxG0bp9IHPRxBXZyP0D7a4dhVLqXc94JxitjbkLD8hlQ0A1D2XK6aWji",2,26,1,4,4,2,1,4,1,1,1,1,1,2,1,2,1,1,1,1,1,1,4,5,4,4,1,1,1,1,1,5,1,1,1,1,1,1,1,1,1,1,4,4,6,5,5,6,6,6,6,6,4,6,6,6,6,6,6,6,6,6,2,6,6,6,6,6,6,6,6,6,5,5,6,5,5,5,5,6,6,5,1,6,6,6,6,6,6,6,6,1,4,5,6,5,6,3,6,6,6,4,73,70,50,50,50,50,50,26,56,50,66,60,50,50,50,50,50,60,50,50,1,1,1,1,1,1,1,1,1,1,1,1,1,1,1,1,1,1,1,1,2,3,2,1,1,1,1,1,1,1,1,2,3,4,5,6,7,8,9,10
"28","jT0sGQYhRSDnSnv7FCVZe75XG3FpiPzBgq2aYgBHJ9gru4yWPcZ6ajzJeM1CYwGU",1,22,1,4,3,2,3,4,3,3,5,5,1,1,1,1,1,1,2,1,1,1,2,1,1,1,1,1,2,1,1,1,1,1,1,1,1,1,1,1,1,1,4,4,5,4,2,3,2,2,4,4,3,4,4,4,4,1,3,4,4,4,6,4,3,5,4,4,2,1,3,3,4,4,5,5,5,3,3,4,4,4,1,6,4,4,4,1,4,4,4,4,4,4,5,3,4,3,4,4,4,4,13,76,50,71,69,50,79,25,24,50,89,36,77,50,34,50,27,61,50,50,2,1,1,1,1,1,3,4,1,1,3,1,1,1,1,3,3,4,1,1,3,1,1,1,1,1,3,4,1,1,1,2,3,4,5,6,7,8,9,10
"29","W8Tyb6cAUoidOb1QVC7-we1ub_hhVnqcMjhZbeIde_zGvwHlITB1JIQG13d6cQfu",1,34,1,1,1,1,3,1,1,1,1,1,1,1,1,1,1,1,1,1,1,1,2,1,1,1,3,1,1,1,1,1,2,1,1,1,3,1,1,1,1,1,3,5,5,5,5,3,5,5,5,5,1,4,5,6,3,4,5,5,4,5,6,6,6,6,6,6,5,5,4,5,2,4,5,5,4,5,5,5,5,5,4,1,5,5,4,5,5,5,3,5,1,4,5,5,4,5,5,5,4,5,100,100,64,66,80,65,47,60,76,63,38,59,72,50,53,75,85,60,80,50,3,3,1,3,5,4,1,3,2,1,3,3,2,3,4,3,1,3,2,1,4,3,2,2,4,3,1,3,1,1,1,2,3,4,5,6,7,8,9,10
"30","-JIkUf7DUBpqSYXBu6YIf_ATChk0u_StD_MTtma3AcXmPV-_sUmkOqAe6F9L1eEa",1,26,2,4,1,3,1,1,1,1,1,1,1,2,1,5,1,1,1,1,1,1,4,4,1,1,2,1,1,1,1,1,1,1,1,4,2,1,1,1,1,1,2,2,5,2,5,5,5,3,1,5,4,4,6,4,5,5,5,3,4,5,5,3,6,4,5,NA,5,3,2,5,4,4,5,1,5,3,5,4,5,5,3,2,5,1,5,3,5,2,1,1,2,4,5,4,5,1,5,3,5,5,50,50,58,50,50,34,37,32,59,59,78,50,73,50,50,59,60,59,61,58,4,5,1,3,2,1,1,1,2,1,3,2,1,4,2,1,2,1,3,1,5,2,3,2,4,3,1,1,2,1,1,2,3,4,5,6,7,8,9,10
"31","k70jGdNZcLLNU3QazPKX3Qnc1AkveX1kcnDTkjIMH63BhFLimNWcOaEJ34lx0k6s",2,25,1,1,1,1,1,1,1,1,1,1,3,1,3,1,1,1,1,1,1,1,1,1,1,1,1,1,3,1,1,1,1,1,1,2,1,1,1,1,1,3,5,6,6,6,6,6,6,6,6,6,6,6,5,6,6,6,6,6,6,6,6,6,6,6,6,6,6,6,6,6,6,6,5,6,6,6,6,6,6,6,6,6,6,6,6,6,6,6,6,6,6,6,5,6,6,6,6,6,6,6,28,84,83,26,65,11,33,85,78,40,0,7,0,17,27,59,65,21,7,28,1,1,1,1,1,1,1,1,1,1,1,1,1,1,1,1,1,1,1,1,1,1,3,3,1,1,1,1,1,3,1,2,3,4,5,6,7,8,9,10
"32","XbNxhjmR4UpiuHwOtYzunEk2Fbs5IjIHI7Z3hGGowi9TabGGUkOWhQQYhr6qa18C",2,60,2,1,NA,2,1,1,2,2,1,1,1,1,NA,1,2,1,2,2,1,1,1,1,NA,1,1,1,2,1,1,1,1,1,NA,1,1,1,1,1,1,2,5,4,NA,4,4,4,4,4,4,4,4,3,NA,3,4,4,4,4,4,4,5,3,NA,4,4,4,4,4,3,4,4,5,NA,4,4,5,4,5,4,4,5,5,NA,5,5,5,5,1,4,4,4,3,NA,4,4,4,4,4,3,4,75,80,NA,80,85,40,60,65,90,90,75,60,NA,90,70,70,85,80,70,60,1,1,NA,1,1,1,1,1,1,1,1,1,NA,1,1,1,1,1,1,1,1,1,NA,1,1,1,1,1,1,1,1,2,3,4,5,6,7,8,9,10
"33","m0Zo-WIZ4LLKikp8N42YFfQIiMJn4ZEwzSPBM669DhYh1eTk3Jo_V9A0pH1otiFK",1,45,1,1,2,2,1,1,2,1,4,1,1,1,2,2,1,1,3,1,4,1,1,1,2,2,1,1,4,1,5,1,1,1,2,2,1,1,2,1,2,1,5,6,6,6,6,6,6,6,6,6,6,6,6,6,6,6,6,6,6,6,2,6,6,6,6,6,6,6,6,6,1,6,6,6,6,6,6,6,6,6,6,6,6,6,6,6,6,6,6,6,6,6,6,6,6,6,6,6,6,6,80,80,100,100,96,62,100,100,100,100,50,80,50,84,76,83,50,77,60,13,1,2,2,1,1,1,3,1,1,1,1,2,2,2,1,1,3,1,1,2,1,2,3,3,1,1,3,1,1,3,1,2,3,4,5,6,7,8,9,10
"34","slBArhYRACH_RxNHcQNscHCObAbMs9bUTNFs21A2ulnlkFlrDWVLySv8KSkjNQWt",2,24,1,NA,1,4,NA,1,1,NA,NA,NA,1,NA,3,4,NA,1,1,NA,NA,NA,1,NA,3,1,NA,1,1,NA,NA,NA,1,NA,1,1,NA,1,1,NA,NA,NA,5,NA,6,4,NA,4,5,NA,NA,NA,5,NA,3,1,NA,5,5,NA,NA,NA,3,NA,6,6,NA,5,5,NA,NA,NA,5,NA,4,2,NA,5,5,NA,NA,NA,6,NA,1,1,NA,5,5,NA,NA,NA,6,NA,3,3,NA,4,3,NA,NA,NA,32,NA,68,36,NA,29,63,NA,NA,NA,64,NA,29,70,NA,64,21,NA,NA,NA,1,NA,1,1,NA,1,1,NA,NA,NA,1,NA,1,1,NA,1,1,NA,NA,NA,1,NA,1,1,NA,1,1,NA,NA,NA,1,2,3,4,5,6,7,8,NA,NA
"35","uExFTUsm_2WNIlVpHVlATpi3VfAgvRQzJ14t_6jeUZ15tQoPY9jAVFdzF7UU7xFW",1,26,3,3,3,2,NA,4,3,5,3,5,2,2,3,4,NA,2,2,2,4,2,3,1,3,3,NA,3,3,4,3,4,2,2,2,2,NA,2,2,2,2,2,3,3,3,2,NA,3,3,3,3,3,4,5,4,3,NA,2,3,2,2,3,3,3,2,3,NA,2,2,2,3,2,4,4,3,3,NA,2,2,3,3,3,5,5,5,4,NA,4,4,1,4,4,3,3,4,4,NA,4,3,2,4,3,60,40,83,88,NA,93,91,83,74,91,41,68,29,11,NA,16,20,6,22,7,1,1,1,2,2,2,1,3,2,1,2,1,1,3,3,2,2,4,3,2,2,1,3,4,3,2,2,4,3,3,1,2,3,4,5,6,7,8,9,10
"36","7QHg_dM-aoFlpkvz93Vu3633cEGwnv9K3cB9UODrJN3YN_8UpsAp3Gws0G-DcLHn",1,26,3,1,1,NA,1,1,1,1,2,1,1,1,1,NA,1,1,1,1,1,1,1,1,1,NA,2,3,1,1,2,1,1,1,1,NA,1,1,1,1,1,1,6,5,6,NA,5,6,6,6,5,5,6,6,6,NA,5,6,5,6,5,5,6,5,6,NA,5,6,5,6,5,5,5,5,6,NA,5,6,5,6,5,5,5,6,6,NA,5,6,5,6,5,5,5,5,6,NA,5,6,5,6,5,5,77,5,68,NA,74,73,50,29,85,67,86,100,58,NA,50,34,50,66,29,39,1,1,1,NA,1,1,1,1,1,1,1,1,1,NA,1,1,1,1,1,1,1,1,1,NA,3,3,1,2,1,1,1,2,3,4,5,6,7,8,9,10
"37","V7fEo8B3SIL_M7C3gVh7GH-7bCP8cAHzh3mm-i0M8KDJcBfmfDTOCkcjdTYWeGQT",2,36,1,1,2,2,1,1,1,2,3,1,1,1,2,2,1,2,1,2,1,1,3,1,1,2,1,2,1,2,1,1,4,1,4,3,1,1,1,2,1,1,4,4,6,4,5,5,2,4,4,6,4,6,4,6,3,4,6,4,6,4,2,6,6,6,6,6,6,6,2,6,2,6,3,6,6,6,6,3,3,3,3,6,3,6,6,6,6,3,3,6,4,2,4,6,6,6,6,3,3,6,21,81,25,20,50,33,40,37,52,54,12,30,27,36,50,30,42,29,56,54,5,2,3,2,2,2,1,4,2,2,5,2,2,2,2,2,1,4,2,2,4,2,2,3,2,3,2,3,1,2,1,2,3,4,5,6,7,8,9,10
"38","n1NQsaiRvLnoTsHnAoBBH6akzmXirs_Qz8JBwQZQsEd-6n7p5EOjTD1JysSeYRWi",2,57,1,1,1,3,1,1,NA,5,3,3,5,1,1,2,1,2,NA,5,3,3,1,1,1,1,1,1,NA,5,3,3,3,1,1,1,1,1,NA,5,3,3,6,5,3,1,1,3,NA,4,3,5,6,5,1,2,1,2,NA,4,3,5,6,1,1,3,3,4,NA,3,3,5,6,5,5,3,1,2,NA,4,3,5,6,5,5,2,1,3,NA,4,3,NA,6,4,5,2,4,2,NA,5,3,5,92,81,90,100,100,100,NA,86,50,75,91,82,100,99,100,100,NA,88,50,80,3,1,3,4,1,1,NA,1,4,3,3,1,3,1,1,2,NA,2,4,3,3,1,3,2,1,2,NA,1,4,3,1,2,3,4,5,6,7,8,9,10
"39","L4m-TcMj9sWgeT0uYpupC_sai9HbnR0ocnh03kxL9tjnF7StWH5WwSrz6husuXAL",1,26,NA,2,1,2,1,3,1,1,1,1,NA,1,1,1,1,1,1,1,1,1,NA,1,1,1,1,1,1,1,1,1,NA,1,1,1,1,1,1,1,1,1,NA,4,6,5,6,5,6,6,5,6,NA,2,4,6,6,6,6,6,6,6,NA,6,6,6,6,6,6,6,6,6,NA,5,4,5,6,5,5,5,5,6,NA,5,6,6,6,5,6,6,6,6,NA,5,4,5,6,5,4,5,5,6,NA,80,50,57,28,50,20,77,50,86,NA,20,50,100,92,82,100,83,50,45,NA,1,1,1,1,1,1,1,1,1,NA,1,3,1,1,1,1,1,1,1,NA,3,2,1,1,1,1,3,1,2,1,2,3,4,5,6,7,8,9,10
"40","WFgrvQA5gPoJgjR3U9NhehLFwXHCVpCWVYWQFb4c99ZERMWWL2uCT9zayjw0B6kQ",1,27,1,NA,4,2,1,4,1,1,1,1,1,NA,2,1,1,2,1,1,1,3,4,NA,5,2,1,4,1,1,1,1,1,NA,1,1,1,2,1,1,1,1,3,NA,1,6,1,2,1,1,1,1,2,NA,3,6,4,1,2,2,2,4,2,NA,3,6,4,1,3,1,2,3,4,NA,4,6,5,1,5,5,5,4,4,NA,4,6,5,2,5,5,5,5,4,NA,5,6,4,2,4,4,5,4,84,NA,64,50,64,56,89,65,65,59,50,NA,67,50,76,54,58,82,50,73,3,NA,2,3,3,4,2,2,3,1,3,NA,2,3,3,4,2,2,4,1,3,NA,2,3,3,4,3,2,4,1,1,2,3,4,5,6,7,8,9,10
"41","Y893iINNB5gYcKg1D11c4PYbQFqK1NaKkhgfyzogon6Wt6CHX7dteMyYow101BRU",2,43,1,1,1,2,4,3,2,1,1,5,1,1,1,1,3,1,1,1,1,1,1,1,1,1,1,1,1,1,1,1,1,1,1,1,1,1,1,1,1,1,6,6,1,1,2,1,1,1,1,2,6,6,4,2,4,4,6,6,6,6,6,6,1,3,1,2,1,1,1,1,6,5,5,5,4,4,5,4,5,4,6,6,5,5,5,4,5,5,6,1,6,5,4,5,5,4,5,4,6,4,50,86,66,72,50,50,69,96,74,100,90,93,71,62,83,50,64,72,50,30,1,1,1,1,4,1,1,1,1,1,1,1,1,2,4,1,1,1,2,1,1,3,1,2,4,2,2,1,1,3,1,2,3,4,5,6,7,8,9,10
"42","h7lq4dv2bmdZ7uvPSVY-x0wMcqup7ccIknOMvIQ8xBD57fivmplTSjeDmnTjzQkK",1,23,2,2,2,1,2,1,1,1,1,1,2,2,2,1,1,1,1,1,1,1,2,2,2,1,1,1,1,1,1,1,2,2,2,1,1,1,1,1,1,1,5,5,5,5,5,5,5,5,5,5,5,5,5,5,5,5,5,5,5,5,4,5,5,5,5,5,5,5,5,5,5,5,5,5,5,5,5,5,5,5,5,3,3,5,5,5,1,1,5,5,5,5,5,5,5,5,5,5,5,5,80,80,71,59,69,100,92,83,65,95,20,25,23,35,60,0,25,18,71,14,2,2,2,1,1,3,3,2,1,2,2,2,2,1,1,3,3,2,1,2,2,2,2,1,1,3,3,2,1,2,1,2,3,4,5,6,7,8,9,10
"43","LUKi89MZt8zMcKHMuxvNXTZ6n658V3UCl1l_rWAkqYLxQoGCGSDZpDZpWvyHeXdC",1,52,4,2,2,2,2,4,NA,3,4,2,4,2,2,2,2,4,NA,3,4,2,4,2,2,2,2,5,NA,3,2,2,4,2,2,2,2,2,NA,3,2,2,1,2,2,3,3,5,NA,2,3,3,3,3,2,3,3,3,NA,3,3,3,5,3,4,3,3,4,NA,3,3,3,3,3,4,3,3,3,NA,3,3,3,5,3,3,3,3,4,NA,3,4,3,3,3,3,3,3,2,NA,3,3,3,48,60,50,50,64,50,NA,31,80,73,77,54,50,50,50,50,NA,63,50,50,3,2,2,2,2,3,NA,2,2,2,2,2,2,2,2,3,NA,2,2,2,2,2,2,2,NA,3,NA,2,2,2,1,2,3,4,5,6,7,8,9,10
"44","jALoNW8yt6KYkzgtP8UUXtc2n5qFOE7MomOb_Ufl9h2GGJsoqqMvRU9C6cOwayP3",2,58,NA,NA,NA,NA,NA,NA,NA,NA,NA,NA,NA,NA,NA,NA,NA,NA,NA,NA,NA,NA,NA,NA,NA,NA,NA,NA,NA,NA,NA,NA,NA,NA,NA,NA,NA,NA,NA,NA,NA,NA,NA,NA,NA,NA,NA,NA,NA,NA,NA,NA,NA,NA,NA,NA,NA,NA,NA,NA,NA,NA,NA,NA,NA,NA,NA,NA,NA,NA,NA,NA,NA,NA,NA,NA,NA,NA,NA,NA,NA,NA,NA,NA,NA,NA,NA,NA,NA,NA,NA,NA,NA,NA,NA,NA,NA,NA,NA,NA,NA,NA,NA,NA,NA,NA,NA,NA,NA,NA,NA,NA,NA,NA,NA,NA,NA,NA,NA,NA,NA,NA,NA,NA,NA,NA,NA,NA,NA,NA,NA,NA,NA,NA,NA,NA,NA,NA,NA,NA,NA,NA,NA,NA,NA,NA,NA,NA,NA,NA,NA,NA,1,2,NA,NA,NA,NA,NA,NA,NA,NA
"45","01wOpeJmO_wGpX3xwzeFfG46guZqzVMrJopbe4zm3TBUhakWbqLNcFZ1c2-Dxa_-",1,28,1,1,1,1,NA,1,1,1,1,NA,1,1,1,1,NA,1,1,1,1,NA,1,1,1,1,NA,1,1,1,1,NA,1,1,1,1,NA,1,1,1,1,NA,5,6,6,6,NA,5,3,6,6,NA,5,5,5,5,NA,5,5,6,6,NA,6,6,6,5,NA,4,5,3,6,NA,6,6,6,6,NA,6,4,6,6,NA,6,6,6,6,NA,6,6,6,NA,NA,5,5,5,6,NA,6,3,6,6,NA,100,80,91,60,NA,100,50,40,22,NA,49,90,82,41,NA,20,50,70,80,NA,3,1,1,1,NA,1,1,1,1,NA,3,1,1,1,NA,1,1,1,1,NA,3,1,1,3,NA,1,1,1,1,NA,1,2,3,4,5,6,7,8,9,NA
"46","oC1UCKUCPpT9vnub6Hj1aZkeY6GEvUQG9VCIC6TWURLnEmXcaBee1yh9kr_2fdKW",1,24,1,4,4,5,NA,5,5,1,1,5,2,1,1,1,2,5,1,1,1,2,2,5,1,4,1,5,2,5,1,5,1,1,1,4,1,5,1,1,1,1,4,5,5,5,5,5,5,5,2,5,5,4,5,5,5,5,5,5,1,5,2,3,5,5,5,5,5,5,1,5,4,5,5,5,5,5,5,5,5,5,5,5,5,5,5,5,5,5,5,5,3,5,5,3,5,3,5,5,1,5,80,80,100,100,100,100,100,81,100,72,60,100,76,9,100,100,73,61,35,100,1,1,4,1,1,1,4,1,1,1,1,1,5,1,1,4,5,1,3,3,4,4,5,4,1,5,5,1,4,4,1,2,3,4,5,6,7,8,9,10
"47","Omf3Lw3_bdQz_O3KcoRJ4k68jNKpDIFXdxGHF-NbNx6FOAzpCw7OT03bXxdFfVpZ",2,23,1,1,1,2,2,3,1,1,1,2,1,2,1,1,1,1,1,1,1,1,1,1,1,1,2,1,1,2,3,1,1,1,1,2,3,1,1,3,1,1,5,1,1,1,2,1,1,1,1,1,3,1,1,3,3,5,5,1,2,2,1,3,1,NA,5,5,5,5,5,NA,5,5,5,3,5,5,5,5,3,5,5,1,1,4,1,1,1,1,1,5,4,2,3,1,2,4,4,4,3,1,51,67,68,70,64,69,78,70,38,0,67,73,79,100,32,72,64,1,11,0,1,1,1,1,2,1,2,3,4,3,1,2,1,2,1,2,2,2,3,3,1,1,1,1,2,2,1,2,3,2,1,2,3,4,5,6,7,8,9,10
"48","bMWBmXdyHBIg0Oo0TSUbLxlFWkrqpy3yX1gISAm_nTrk8nSnkrbtULk10PjfkPyf",2,44,1,1,1,1,1,1,1,1,1,3,1,1,1,1,1,1,1,1,1,2,1,1,1,1,1,1,1,1,1,3,1,1,1,1,1,1,1,1,1,1,6,3,4,3,3,6,6,4,3,4,6,3,4,3,3,6,6,4,3,3,6,3,3,3,3,6,6,3,3,3,6,4,4,4,4,6,6,4,4,4,6,5,4,4,5,6,6,4,4,5,6,4,3,4,3,6,6,3,4,4,70,66,69,60,59,70,60,61,57,58,41,36,36,32,45,31,38,43,39,37,4,1,2,1,1,1,1,1,1,1,3,1,1,2,1,1,1,1,2,1,3,2,1,2,1,1,1,1,1,1,1,2,3,4,5,6,7,8,9,10
"49","CMu0_rZ_QAxmThfyYnedsOuDlEtHeOMYJRjHmJKWMFu_vtHRZoAwMxM9dUzuvVb7",1,58,2,1,NA,NA,NA,NA,NA,NA,NA,NA,2,1,NA,NA,NA,NA,NA,NA,NA,NA,1,1,NA,NA,NA,NA,NA,NA,NA,NA,2,1,NA,NA,NA,NA,NA,NA,NA,NA,2,6,NA,NA,NA,NA,NA,NA,NA,NA,2,5,NA,NA,NA,NA,NA,NA,NA,NA,1,6,NA,NA,NA,NA,NA,NA,NA,NA,5,5,NA,NA,NA,NA,NA,NA,NA,NA,1,5,NA,NA,NA,NA,NA,NA,NA,NA,4,5,NA,NA,NA,NA,NA,NA,NA,NA,72,74,NA,NA,NA,NA,NA,NA,NA,NA,76,74,NA,NA,NA,NA,NA,NA,NA,NA,1,1,NA,NA,NA,NA,NA,NA,NA,NA,3,1,NA,NA,NA,NA,NA,NA,NA,NA,1,2,NA,NA,NA,NA,NA,NA,NA,NA,1,2,3,4,NA,NA,NA,NA,NA,NA
"50","ky7coEE84-Ti-mn4HjWhL9PCeY7OAsf5EUy7hEVcxQ3dZ9X3aa8CaeRcd3dnewMJ",2,56,4,1,3,3,3,5,3,1,3,3,1,1,1,1,1,1,1,1,1,1,3,1,3,3,1,4,1,1,1,1,1,1,1,1,1,1,1,1,1,1,6,6,6,6,6,6,6,6,1,6,4,4,4,4,4,4,5,4,4,5,6,6,2,6,6,3,6,6,6,6,4,4,5,4,4,4,4,5,4,4,5,5,6,5,5,5,4,5,5,6,6,4,3,4,3,3,6,6,3,4,70,50,50,60,60,40,40,80,50,50,69,70,50,80,60,80,80,70,80,80,1,1,5,1,1,1,1,1,1,1,2,1,4,1,1,3,1,1,1,1,1,1,4,2,1,1,1,1,1,1,1,2,3,4,5,6,7,8,9,10
"51","bB9vAmKx7dC5KtmNDgFA11mD7u-D7kzOls9MaEm3P80Gm1RkfomXOpQ5t9X6QFka",1,56,1,1,3,2,3,3,NA,3,3,1,1,3,3,4,3,3,NA,2,3,1,1,3,1,5,1,2,NA,1,1,1,1,3,1,3,1,1,NA,1,1,2,3,3,6,2,2,2,NA,6,3,2,5,6,6,5,4,6,NA,6,4,4,4,4,3,6,6,6,NA,6,2,6,5,4,5,5,4,6,NA,6,6,6,3,1,6,6,6,6,NA,6,1,6,4,5,6,4,6,6,NA,6,4,3,30,20,30,50,25,40,NA,25,30,20,80,80,60,65,70,50,NA,60,60,50,1,1,1,1,1,2,1,1,1,1,1,1,1,1,1,2,1,1,1,1,2,1,1,2,1,2,1,1,1,1,1,2,3,4,5,6,7,8,9,10
"52","G--_KyEcah-vFwk3Dc_59yZNR0ZPoDj0sOHKeqMdHmQv59ld13__91cEmEHyF-kL",2,21,4,2,2,1,1,1,1,1,1,1,1,1,1,1,1,1,1,1,1,1,1,1,1,1,1,1,1,1,1,1,1,1,1,1,1,1,1,1,1,1,6,5,5,6,5,6,4,4,5,5,6,5,5,6,5,6,5,4,5,5,6,3,4,6,5,6,4,3,3,4,6,5,5,6,4,6,5,5,5,5,6,4,5,6,5,6,5,5,5,5,6,4,5,6,4,6,5,3,4,4,50,50,70,50,60,65,50,50,61,50,70,79,40,50,59,55,60,66,61,60,1,1,2,3,1,1,1,1,1,1,2,2,2,2,2,3,1,3,1,1,2,1,2,3,1,3,3,3,1,1,1,2,3,4,5,6,7,8,9,10
"53","6_QXzvZHMOnxr_dDHbYEh1W9FwgshTZEqXFpDBjqNj5fCd8Uhr8gnNTWnIhbUH1z",2,52,1,1,NA,1,NA,1,1,1,2,1,1,1,NA,1,NA,1,1,1,2,1,1,1,NA,1,NA,1,1,1,1,1,2,2,NA,1,NA,2,2,2,2,1,5,4,NA,4,NA,1,4,4,5,4,5,5,NA,5,NA,2,4,4,5,5,4,4,NA,4,NA,1,5,4,4,4,4,4,NA,4,NA,6,4,4,4,4,4,5,NA,5,NA,5,5,1,5,5,4,3,NA,4,NA,4,4,4,4,5,40,30,NA,65,NA,40,59,40,50,50,50,70,NA,70,NA,69,70,71,50,70,2,3,NA,2,NA,1,1,1,1,1,3,3,NA,2,NA,1,2,1,1,1,2,3,NA,2,NA,1,2,1,1,1,1,2,3,4,5,6,7,8,9,10
"54","RGWwmpCvWRyhhqDbCn_6ZdglrZyD92Ddw3Am9lySy9YVqCqiNMzO_EwtODkzEtKV",1,43,4,3,3,2,1,1,3,5,4,NA,4,3,3,1,1,1,2,5,4,NA,2,3,3,1,1,1,3,3,4,NA,5,3,3,3,1,1,3,5,4,NA,3,1,3,1,1,1,3,4,3,NA,2,1,3,1,1,1,2,4,1,NA,2,1,3,1,1,1,3,3,1,NA,1,1,2,1,1,1,2,3,3,NA,5,1,2,1,1,1,2,3,1,NA,2,1,1,1,1,1,2,3,1,NA,100,12,86,68,0,90,84,100,50,NA,6,0,4,50,0,100,82,100,50,NA,4,5,5,5,1,1,2,5,4,NA,5,5,5,5,3,1,2,5,4,NA,5,5,5,5,2,1,1,5,4,NA,1,2,3,4,5,6,7,8,9,10
"55","7GtblunvDXgtyql6dR-dngDohRkI_OnKJnIaRAfcwF2xyxb0i6YvvvjX1L9UV-rd",1,55,4,2,1,1,4,1,1,3,2,1,3,2,1,1,3,1,1,2,1,1,1,1,1,1,1,1,1,1,1,1,3,1,1,1,1,1,1,1,1,1,4,4,6,2,3,4,3,4,3,3,4,4,6,4,3,4,2,6,2,3,4,4,6,4,3,4,2,4,2,3,3,4,3,4,3,4,2,4,2,3,4,3,6,6,1,5,2,4,2,5,4,3,6,6,3,3,3,6,3,3,70,80,90,81,81,80,81,90,80,83,70,80,85,81,81,80,82,90,80,84,1,1,1,1,1,1,1,1,1,1,1,1,1,1,1,1,1,1,1,1,1,1,1,1,1,3,1,1,3,3,1,2,3,4,5,6,7,8,9,10
"56","SYVpM1JplqjVRwMQ-QNsqPtZHGpgGRx6w3ooXxCdpD0v1-g0egDq1PVak_TpjWDY",2,26,1,2,2,2,1,2,2,1,1,1,1,2,2,2,1,2,2,1,3,1,1,2,2,2,1,2,2,1,1,1,1,1,1,2,1,2,2,1,1,1,3,4,4,4,4,4,4,4,3,4,2,4,4,3,4,4,4,4,3,3,5,5,4,5,5,5,5,5,4,5,4,5,4,3,4,3,4,4,4,3,4,4,4,3,4,4,4,4,4,3,3,4,4,3,4,4,4,4,4,4,60,40,40,69,64,88,76,80,80,90,80,55,80,84,92,90,83,90,80,80,1,1,1,1,2,1,1,1,1,1,1,1,1,1,1,3,2,1,1,2,1,1,1,1,1,1,1,1,1,1,1,2,3,4,5,6,7,8,9,10
"57","aZ7l0kYhiwvhfwiGbStYYUWEU9XGZFFx7FO6KAeOt8nZeIXcsvQH8-vCciI-jrT5",1,22,NA,NA,NA,NA,NA,NA,NA,NA,NA,NA,NA,NA,NA,NA,NA,NA,NA,NA,NA,NA,NA,NA,NA,NA,NA,NA,NA,NA,NA,NA,NA,NA,NA,NA,NA,NA,NA,NA,NA,NA,NA,NA,NA,NA,NA,NA,NA,NA,NA,NA,NA,NA,NA,NA,NA,NA,NA,NA,NA,NA,NA,NA,NA,NA,NA,NA,NA,NA,NA,NA,NA,NA,NA,NA,NA,NA,NA,NA,NA,NA,NA,NA,NA,NA,NA,NA,NA,NA,NA,NA,NA,NA,NA,NA,NA,NA,NA,NA,NA,NA,NA,NA,NA,NA,NA,NA,NA,NA,NA,NA,NA,NA,NA,NA,NA,NA,NA,NA,NA,NA,NA,NA,NA,NA,NA,NA,NA,NA,NA,NA,NA,NA,NA,NA,NA,NA,NA,NA,NA,NA,NA,NA,NA,NA,NA,NA,NA,NA,NA,NA,1,NA,NA,NA,NA,NA,NA,NA,NA,NA
"58","XPYEiF1dEoTBqmcwn_N8PNl5hF46zYOap_ZuacX4wJq4_lzkokxOOtXpMgxiGE3C",2,25,1,1,1,1,1,2,2,3,1,3,2,1,1,1,1,1,1,1,1,1,1,1,1,1,1,1,1,1,1,1,1,1,1,1,1,1,1,1,1,3,4,1,6,6,6,6,6,6,6,6,4,6,2,6,6,6,6,6,6,6,5,6,6,6,6,6,6,6,6,6,4,1,6,6,6,6,6,6,6,2,6,5,6,6,6,6,6,6,6,6,3,6,6,6,6,6,6,6,6,6,80,35,67,64,60,56,44,64,33,14,75,41,33,37,19,32,28,32,34,67,1,1,2,1,2,3,1,1,1,1,4,1,4,1,3,3,2,3,3,2,4,1,4,2,3,2,3,3,3,4,1,2,3,4,5,6,7,8,9,10
"59","vBpy5WbVgBhTK6OMW4Se4kksXViM2V_bw0MZ1DKyqjjNoJXaF8QKmBNUlhyJPX0P",1,26,NA,NA,NA,NA,NA,NA,NA,NA,NA,NA,NA,NA,NA,NA,NA,NA,NA,NA,NA,NA,NA,NA,NA,NA,NA,NA,NA,NA,NA,NA,NA,NA,NA,NA,NA,NA,NA,NA,NA,NA,NA,NA,NA,NA,NA,NA,NA,NA,NA,NA,NA,NA,NA,NA,NA,NA,NA,NA,NA,NA,NA,NA,NA,NA,NA,NA,NA,NA,NA,NA,NA,NA,NA,NA,NA,NA,NA,NA,NA,NA,NA,NA,NA,NA,NA,NA,NA,NA,NA,NA,NA,NA,NA,NA,NA,NA,NA,NA,NA,NA,NA,NA,NA,NA,NA,NA,NA,NA,NA,NA,NA,NA,NA,NA,NA,NA,NA,NA,NA,NA,NA,NA,NA,NA,NA,NA,NA,NA,NA,NA,NA,NA,NA,NA,NA,NA,NA,NA,NA,NA,NA,NA,NA,NA,NA,NA,NA,NA,NA,NA,NA,NA,NA,NA,NA,NA,NA,NA,NA,NA
"60","2EmoFvm25Vkx3tBZdKq22S92DPT2v1nOJNBj3f4SSwKpQmyhbqFpXbYa30evmht6",1,31,1,1,1,1,1,1,1,1,2,1,1,1,1,1,1,1,1,1,1,1,1,1,1,1,1,1,1,1,1,1,1,1,1,1,1,1,1,1,1,1,4,2,6,1,1,3,4,1,1,1,1,6,2,1,1,3,3,1,4,3,3,6,3,2,1,3,3,3,2,3,4,1,4,4,4,4,4,4,4,4,4,4,4,4,4,1,1,4,1,4,4,6,4,3,3,4,4,4,4,4,5,0,50,50,30,15,3,71,98,31,92,100,49,82,77,77,93,24,25,72,2,1,1,1,1,1,1,1,1,1,2,1,1,1,1,1,1,1,1,1,2,1,1,3,1,1,1,1,2,1,1,2,3,4,5,6,7,8,9,10
"61","ZsWybaDtsQhcziXGl-VEygKOytsg52x8XxjdOYWit9P9NmAWeS0Sp2C_r069hyzs",2,23,1,1,2,1,1,1,1,1,1,1,1,1,1,1,1,1,1,1,1,1,1,1,1,1,1,1,1,1,1,1,1,1,1,1,1,1,1,1,1,1,5,6,6,6,6,6,6,6,6,6,6,6,6,6,6,6,6,6,6,6,5,6,3,6,6,6,6,6,6,6,6,6,6,6,6,6,6,6,6,6,6,6,5,6,6,6,6,6,6,6,6,6,6,6,6,6,6,6,6,6,60,40,79,58,78,71,30,76,69,27,80,64,87,54,63,61,77,80,82,90,1,1,1,1,2,1,1,1,1,1,1,2,1,1,3,1,1,2,1,1,2,2,1,1,2,2,2,1,1,1,1,2,3,4,5,6,7,8,9,10
"62","oxiPxMEk943I3LlMMQT5Z21oxIhOzXIjAlC1Zh3secSZKnXuHy0Gduj746QnAZPV",NA,NA,NA,NA,NA,NA,NA,NA,NA,NA,NA,NA,NA,NA,NA,NA,NA,NA,NA,NA,NA,NA,NA,NA,NA,NA,NA,NA,NA,NA,NA,NA,NA,NA,NA,NA,NA,NA,NA,NA,NA,NA,NA,NA,NA,NA,NA,NA,NA,NA,NA,NA,NA,NA,NA,NA,NA,NA,NA,NA,NA,NA,NA,NA,NA,NA,NA,NA,NA,NA,NA,NA,NA,NA,NA,NA,NA,NA,NA,NA,NA,NA,NA,NA,NA,NA,NA,NA,NA,NA,NA,NA,NA,NA,NA,NA,NA,NA,NA,NA,NA,NA,NA,NA,NA,NA,NA,NA,NA,NA,NA,NA,NA,NA,NA,NA,NA,NA,NA,NA,NA,NA,NA,NA,NA,NA,NA,NA,NA,NA,NA,NA,NA,NA,NA,NA,NA,NA,NA,NA,NA,NA,NA,NA,NA,NA,NA,NA,NA,NA,NA,NA,NA,NA,NA,NA,NA,NA,NA,NA,NA,NA
"63","oDhUDt03Kv_mXxtFPUv-3gpgU-M4KcmATfoYG1UMxDvK06wQwGVk3xHDe4MhfTXV",NA,NA,NA,1,1,2,NA,1,3,5,2,1,NA,1,2,1,NA,1,2,4,2,1,NA,1,1,1,NA,1,1,1,2,1,NA,1,1,2,NA,1,4,1,2,2,NA,1,1,2,NA,2,3,1,2,4,NA,2,3,2,NA,2,3,3,5,5,NA,1,1,1,NA,3,1,3,3,4,NA,5,5,5,NA,5,5,4,5,5,NA,1,5,1,NA,1,1,1,2,4,NA,1,4,5,NA,5,4,5,2,5,NA,50,70,78,NA,50,50,58,94,50,NA,79,45,89,NA,50,21,50,50,50,NA,1,1,1,NA,1,1,1,1,3,NA,1,1,1,NA,1,1,3,1,3,NA,1,1,1,NA,1,1,3,2,3,1,2,3,4,5,6,7,8,9,10
"64",NA,NA,NA,NA,1,NA,NA,NA,NA,NA,NA,NA,NA,NA,1,NA,NA,NA,NA,NA,NA,NA,NA,NA,1,NA,NA,NA,NA,NA,NA,NA,NA,NA,1,NA,NA,NA,NA,NA,NA,NA,NA,NA,1,NA,NA,NA,NA,NA,NA,NA,NA,NA,1,NA,NA,NA,NA,NA,NA,NA,NA,NA,1,NA,NA,NA,NA,NA,NA,NA,NA,NA,1,NA,NA,NA,NA,NA,NA,NA,NA,NA,1,NA,NA,NA,NA,NA,NA,NA,NA,NA,1,NA,NA,NA,NA,NA,NA,NA,NA,NA,0,NA,NA,NA,NA,NA,NA,NA,NA,NA,0,NA,NA,NA,NA,NA,NA,NA,NA,NA,1,NA,NA,NA,NA,NA,NA,NA,NA,NA,1,NA,NA,NA,NA,NA,NA,NA,NA,NA,1,NA,NA,NA,NA,NA,NA,NA,NA,1,2,NA,NA,NA,NA,NA,NA,NA,NA
"65","xKdq1BNXGs2YWbb58M5-2ETKmtRkX6diXeYP040BveubSQhRdeEp3bDTYxY2jRD6",1,50,1,1,3,2,1,1,2,NA,2,1,1,2,1,2,1,1,2,NA,2,1,1,1,3,2,1,1,1,NA,1,1,3,1,1,1,1,1,1,NA,1,1,6,5,4,6,6,5,4,NA,4,5,5,3,3,5,6,6,4,NA,5,5,6,6,2,3,4,5,4,NA,5,4,5,4,5,4,6,6,3,NA,4,4,5,5,5,6,4,6,5,NA,5,2,4,5,5,3,4,6,4,NA,3,2,77,76,61,80,84,60,35,NA,98,40,74,76,38,66,83,66,35,NA,76,70,1,1,2,1,1,2,2,NA,1,3,2,1,2,1,1,2,2,NA,3,3,1,3,3,2,4,3,3,NA,3,3,1,2,3,4,5,6,7,8,9,10
"66","dVUl5D1L4xsrmpQZhxr6UMxyZ9-ctC6atAeediW_n_BOGm-eDIelJEFyMzKqw5aq",1,25,1,1,1,1,1,1,1,1,1,2,1,1,1,1,1,1,1,1,1,1,1,1,1,1,1,1,1,1,1,1,1,1,1,1,1,1,1,1,1,1,5,5,5,4,5,6,4,3,5,5,6,6,6,6,6,6,3,5,4,5,5,6,5,5,4,5,3,4,5,5,5,5,6,5,4,5,4,5,3,5,6,6,6,6,6,6,6,6,6,6,6,6,6,6,6,6,2,3,2,3,60,67,80,80,90,50,85,70,81,81,74,50,70,50,70,80,70,81,70,64,1,2,1,1,2,1,1,3,1,1,1,2,2,1,2,1,1,3,1,1,1,3,2,1,2,2,2,3,1,2,1,2,3,4,5,6,7,8,9,10
"67","L8ajLV1apt9CrD-g9WIkbmvQeT4zelafZnJPsG5x8VWPMfTR5hoYJx2KMAq-D2EI",1,30,5,1,1,NA,NA,NA,NA,NA,NA,NA,5,1,1,NA,NA,NA,NA,NA,NA,NA,3,1,1,NA,NA,NA,NA,NA,NA,NA,2,1,1,NA,NA,NA,NA,NA,NA,NA,6,6,6,NA,NA,NA,NA,NA,NA,NA,6,6,6,NA,NA,NA,NA,NA,NA,NA,6,6,6,NA,NA,NA,NA,NA,NA,NA,5,6,6,NA,NA,NA,NA,NA,NA,NA,6,6,6,NA,NA,NA,NA,NA,NA,NA,5,6,6,NA,NA,NA,NA,NA,NA,NA,71,80,50,NA,NA,NA,NA,NA,NA,NA,30,80,50,NA,NA,NA,NA,NA,NA,NA,1,1,1,NA,NA,NA,NA,NA,NA,NA,1,1,1,NA,NA,NA,NA,NA,NA,NA,1,1,1,NA,NA,NA,NA,NA,NA,NA,1,2,3,NA,NA,NA,NA,NA,NA,NA
"68","MF3De_ZH5ee0WF_8cYGrtFghuoFWZ2wZyiI2PLeqcBW4D6i1cjYbrmq4vyhEBFT4",2,61,1,2,1,2,4,3,2,1,2,3,1,2,1,1,2,3,1,1,2,2,4,4,2,2,2,3,2,1,3,3,1,1,1,1,1,1,1,1,1,1,3,3,6,3,2,2,3,6,4,4,4,3,6,3,2,3,3,6,4,4,3,3,5,3,3,3,3,6,4,4,3,3,6,3,3,3,3,6,4,4,3,3,6,4,4,3,3,6,4,2,2,3,6,3,4,3,3,6,4,5,75,76,69,67,89,87,32,0,81,99,51,76,50,50,50,50,73,100,50,50,3,2,2,2,2,2,2,1,2,1,3,2,2,2,2,2,2,1,2,1,3,2,2,2,2,2,2,2,1,2,1,2,3,4,5,6,7,8,9,10
"69","rUWsMtoZ72anvg2ILqnDcubPvuqOZ4rtryWJutygipEZMUyCnzNbNnJ0Qan63i52",1,35,1,1,5,1,1,1,3,1,4,1,1,1,1,1,1,1,3,1,1,1,1,1,5,1,1,1,1,1,4,1,1,1,1,1,1,1,1,1,1,1,5,4,4,3,2,3,5,3,4,3,6,4,1,4,4,3,5,3,4,3,3,1,4,1,4,2,5,3,4,2,4,3,2,2,3,1,5,4,4,4,4,5,3,5,5,5,5,5,5,5,6,4,3,3,5,4,5,3,5,4,86,97,100,100,100,100,50,88,79,93,33,48,0,48,36,16,88,75,83,77,4,1,1,1,4,1,1,1,3,1,4,1,1,1,1,1,1,1,3,1,4,2,NA,1,4,3,1,1,1,1,1,2,3,4,5,6,7,8,9,10
"70","u_GNPwLYbW5fNvFbzjfgPd58vqdY14qBTMUNwSgj0iUarV78tmyJR7BWxfLQT8qu",2,65,1,1,1,1,1,1,1,1,1,1,1,1,1,1,1,1,1,1,1,1,1,1,1,1,1,1,1,1,1,1,1,1,1,1,1,1,1,1,1,1,6,1,2,1,1,6,1,1,1,1,4,1,6,6,1,6,6,1,6,1,3,1,1,1,1,6,1,1,1,1,3,1,3,6,6,6,3,1,6,6,1,1,1,6,6,6,6,1,1,1,3,1,6,6,6,6,6,1,6,1,50,50,50,50,50,50,50,50,50,50,50,50,50,50,50,50,50,50,50,50,2,1,1,1,1,1,1,1,1,1,2,1,1,1,1,1,1,1,1,1,3,2,1,1,1,1,1,2,1,1,1,2,3,4,5,6,7,8,9,10
"71","Os8hq9mTYFvysTBFZQVk40CfawuXE1LdLKuYvgCP_GMW6tMl_PceSYCwVnLUkJVQ",1,23,1,1,1,1,1,1,NA,NA,NA,NA,1,1,1,1,1,1,NA,NA,NA,NA,1,1,1,1,1,1,NA,NA,NA,NA,1,1,1,1,1,1,NA,NA,NA,NA,6,6,1,2,1,3,NA,NA,NA,NA,4,5,5,5,6,5,NA,NA,NA,NA,6,1,6,1,1,3,NA,NA,NA,NA,5,5,5,5,5,5,NA,NA,NA,NA,4,1,5,5,6,6,NA,NA,NA,NA,6,1,6,6,6,6,NA,NA,NA,NA,79,63,100,77,80,79,NA,NA,NA,NA,77,62,83,77,78,78,NA,NA,NA,NA,3,1,1,1,3,1,NA,NA,NA,NA,3,1,1,1,3,1,NA,NA,NA,NA,1,1,1,4,3,1,NA,NA,NA,NA,1,2,3,4,5,6,NA,NA,NA,NA
"72","8lpBvKdrXqn9mapoWSFTcc_bveIM4p5qLUrUV67Fr3-ZcyDWBsBLHTPJP4PuoyCy",1,62,2,NA,1,1,2,1,2,1,1,2,1,NA,1,1,1,1,1,1,1,1,2,NA,1,1,1,1,2,1,1,1,3,NA,1,1,2,2,1,2,2,3,3,NA,4,4,4,5,5,5,5,2,2,NA,4,4,1,5,5,5,5,3,2,NA,4,3,4,1,5,5,5,2,2,NA,5,5,4,3,5,5,5,5,2,NA,5,4,2,1,5,5,5,3,1,NA,4,3,4,1,4,4,4,4,0,NA,53,50,0,50,50,70,29,69,0,NA,81,50,0,50,50,86,73,69,3,NA,1,1,2,4,2,3,2,1,3,NA,1,1,1,4,3,3,2,1,3,NA,2,1,2,4,3,3,1,1,1,2,3,4,5,6,7,8,9,10
"73","hkS32hmqJzbsEuDxh2tUxG8nv5nLrp-8US-PYRwWtnXl1nhy0JtoibrLZCF14H_5",1,29,3,4,NA,NA,NA,NA,NA,NA,NA,NA,1,1,NA,NA,NA,NA,NA,NA,NA,NA,1,1,NA,NA,NA,NA,NA,NA,NA,NA,1,2,NA,NA,NA,NA,NA,NA,NA,NA,3,4,NA,NA,NA,NA,NA,NA,NA,NA,5,5,NA,NA,NA,NA,NA,NA,NA,NA,2,2,NA,NA,NA,NA,NA,NA,NA,NA,5,5,NA,NA,NA,NA,NA,NA,NA,NA,5,5,NA,NA,NA,NA,NA,NA,NA,NA,6,5,NA,NA,NA,NA,NA,NA,NA,NA,100,92,NA,NA,NA,NA,NA,NA,NA,NA,78,33,NA,NA,NA,NA,NA,NA,NA,NA,5,5,NA,NA,NA,NA,NA,NA,NA,NA,5,1,NA,NA,NA,NA,NA,NA,NA,NA,5,5,NA,NA,NA,NA,NA,NA,NA,NA,1,2,3,NA,NA,NA,NA,NA,NA,NA
"74","ehWTBNogVG5vpatudtOcfYiJNAnpxPBso3YNpAfcQRXGt4yk_9-7SWoO14SrYjkf",1,31,1,1,4,1,1,3,1,NA,NA,NA,1,1,2,1,1,1,1,NA,NA,NA,1,1,4,1,1,1,1,NA,NA,NA,1,1,1,1,1,1,1,NA,NA,NA,3,5,3,5,5,3,5,NA,NA,NA,3,6,5,5,4,4,5,NA,NA,NA,3,5,5,5,4,5,5,NA,NA,NA,5,6,3,5,5,5,5,NA,NA,NA,5,6,5,5,4,5,5,NA,NA,NA,5,6,5,5,5,5,5,NA,NA,NA,24,16,73,68,27,72,16,NA,NA,NA,70,81,89,100,85,100,50,NA,NA,NA,1,1,1,1,1,1,1,NA,NA,NA,1,1,4,1,1,1,1,NA,NA,NA,1,1,4,1,1,1,1,NA,NA,NA,1,2,3,4,5,6,7,8,NA,NA
"75","5UP3YX5maXukUqHZP34QVgCd8PIudhcWUwiwN5lFG4s_Deiq3MP8hV5Bx22fzB26",1,30,NA,NA,NA,NA,NA,NA,NA,NA,NA,NA,NA,NA,NA,NA,NA,NA,NA,NA,NA,NA,NA,NA,NA,NA,NA,NA,NA,NA,NA,NA,NA,NA,NA,NA,NA,NA,NA,NA,NA,NA,NA,NA,NA,NA,NA,NA,NA,NA,NA,NA,NA,NA,NA,NA,NA,NA,NA,NA,NA,NA,NA,NA,NA,NA,NA,NA,NA,NA,NA,NA,NA,NA,NA,NA,NA,NA,NA,NA,NA,NA,NA,NA,NA,NA,NA,NA,NA,NA,NA,NA,NA,NA,NA,NA,NA,NA,NA,NA,NA,NA,NA,NA,NA,NA,NA,NA,NA,NA,NA,NA,NA,NA,NA,NA,NA,NA,NA,NA,NA,NA,NA,NA,NA,NA,NA,NA,NA,NA,NA,NA,NA,NA,NA,NA,NA,NA,NA,NA,NA,NA,NA,NA,NA,NA,NA,NA,NA,NA,NA,NA,NA,NA,NA,NA,NA,NA,NA,NA,NA,NA
"76","t36zhgUYxdCg-snUeOHqZusN70QVk-4TT34chy2aNPBaE_H9l_5W0VXGwLvAy7KI",2,30,1,1,NA,1,1,NA,NA,NA,NA,NA,1,2,NA,1,1,NA,NA,NA,NA,NA,1,3,NA,1,2,NA,NA,NA,NA,NA,1,1,NA,1,2,NA,NA,NA,NA,NA,2,3,NA,1,1,NA,NA,NA,NA,NA,2,4,NA,4,5,NA,NA,NA,NA,NA,2,2,NA,2,4,NA,NA,NA,NA,NA,2,5,NA,1,1,NA,NA,NA,NA,NA,2,5,NA,5,5,NA,NA,NA,NA,NA,1,4,NA,1,1,NA,NA,NA,NA,NA,70,100,NA,50,69,NA,NA,NA,NA,NA,20,23,NA,51,63,NA,NA,NA,NA,NA,1,5,NA,3,1,NA,NA,NA,NA,NA,1,4,NA,3,1,NA,NA,NA,NA,NA,2,2,NA,4,1,NA,NA,NA,NA,NA,1,2,3,4,5,NA,NA,NA,NA,NA
"77","RKb9rPbzhIcJ1GGLCGvuxekGqxTjZiN4B2qiFsTrm2IpgxVqUnvTZ8VHVqjDRvYG",NA,NA,NA,NA,NA,NA,NA,NA,NA,NA,NA,NA,NA,NA,NA,NA,NA,NA,NA,NA,NA,NA,NA,NA,NA,NA,NA,NA,NA,NA,NA,NA,NA,NA,NA,NA,NA,NA,NA,NA,NA,NA,NA,NA,NA,NA,NA,NA,NA,NA,NA,NA,NA,NA,NA,NA,NA,NA,NA,NA,NA,NA,NA,NA,NA,NA,NA,NA,NA,NA,NA,NA,NA,NA,NA,NA,NA,NA,NA,NA,NA,NA,NA,NA,NA,NA,NA,NA,NA,NA,NA,NA,NA,NA,NA,NA,NA,NA,NA,NA,NA,NA,NA,NA,NA,NA,NA,NA,NA,NA,NA,NA,NA,NA,NA,NA,NA,NA,NA,NA,NA,NA,NA,NA,NA,NA,NA,NA,NA,NA,NA,NA,NA,NA,NA,NA,NA,NA,NA,NA,NA,NA,NA,NA,NA,NA,NA,NA,NA,NA,NA,NA,NA,NA,NA,NA,NA,NA,NA,NA,NA,NA
"78","lp8exwl9kOtQA01HAMhHPsu1Nmy2CJksVbZiisB7FZN9Y6DXGHNVqDxKhNx0LyiQ",NA,NA,NA,NA,NA,NA,NA,NA,NA,NA,NA,NA,NA,NA,NA,NA,NA,NA,NA,NA,NA,NA,NA,NA,NA,NA,NA,NA,NA,NA,NA,NA,NA,NA,NA,NA,NA,NA,NA,NA,NA,NA,NA,NA,NA,NA,NA,NA,NA,NA,NA,NA,NA,NA,NA,NA,NA,NA,NA,NA,NA,NA,NA,NA,NA,NA,NA,NA,NA,NA,NA,NA,NA,NA,NA,NA,NA,NA,NA,NA,NA,NA,NA,NA,NA,NA,NA,NA,NA,NA,NA,NA,NA,NA,NA,NA,NA,NA,NA,NA,NA,NA,NA,NA,NA,NA,NA,NA,NA,NA,NA,NA,NA,NA,NA,NA,NA,NA,NA,NA,NA,NA,NA,NA,NA,NA,NA,NA,NA,NA,NA,NA,NA,NA,NA,NA,NA,NA,NA,NA,NA,NA,NA,NA,NA,NA,NA,NA,NA,NA,NA,NA,NA,NA,NA,NA,NA,NA,NA,NA,NA,NA
"79","p7gVWQoRS5iLSkLwPtAhmt8xqvZoKjnW5nO92_lEXXeVW8VSZSNa0MuxHE4fRMsl",NA,NA,NA,NA,NA,NA,NA,NA,NA,NA,NA,NA,NA,NA,NA,NA,NA,NA,NA,NA,NA,NA,NA,NA,NA,NA,NA,NA,NA,NA,NA,NA,NA,NA,NA,NA,NA,NA,NA,NA,NA,NA,NA,NA,NA,NA,NA,NA,NA,NA,NA,NA,NA,NA,NA,NA,NA,NA,NA,NA,NA,NA,NA,NA,NA,NA,NA,NA,NA,NA,NA,NA,NA,NA,NA,NA,NA,NA,NA,NA,NA,NA,NA,NA,NA,NA,NA,NA,NA,NA,NA,NA,NA,NA,NA,NA,NA,NA,NA,NA,NA,NA,NA,NA,NA,NA,NA,NA,NA,NA,NA,NA,NA,NA,NA,NA,NA,NA,NA,NA,NA,NA,NA,NA,NA,NA,NA,NA,NA,NA,NA,NA,NA,NA,NA,NA,NA,NA,NA,NA,NA,NA,NA,NA,NA,NA,NA,NA,NA,NA,NA,NA,NA,NA,NA,NA,NA,NA,NA,NA,NA,NA
"80","JSxIf896PIHEHoW0yItH5DvZ2G5Co9l_7NQ0MrEeiExje1eWc7KewAoH5ux2fxZd",NA,NA,NA,NA,NA,NA,NA,NA,NA,NA,NA,NA,NA,NA,NA,NA,NA,NA,NA,NA,NA,NA,NA,NA,NA,NA,NA,NA,NA,NA,NA,NA,NA,NA,NA,NA,NA,NA,NA,NA,NA,NA,NA,NA,NA,NA,NA,NA,NA,NA,NA,NA,NA,NA,NA,NA,NA,NA,NA,NA,NA,NA,NA,NA,NA,NA,NA,NA,NA,NA,NA,NA,NA,NA,NA,NA,NA,NA,NA,NA,NA,NA,NA,NA,NA,NA,NA,NA,NA,NA,NA,NA,NA,NA,NA,NA,NA,NA,NA,NA,NA,NA,NA,NA,NA,NA,NA,NA,NA,NA,NA,NA,NA,NA,NA,NA,NA,NA,NA,NA,NA,NA,NA,NA,NA,NA,NA,NA,NA,NA,NA,NA,NA,NA,NA,NA,NA,NA,NA,NA,NA,NA,NA,NA,NA,NA,NA,NA,NA,NA,NA,NA,NA,NA,NA,NA,NA,NA,NA,NA,NA,NA
"81","FzrElHfk7VnfbtjtgLB480iKMoLshDFNCgWwJ0dLC2_qSA0m-ETUqUCJyxLOIff7",NA,NA,NA,NA,NA,NA,NA,NA,NA,NA,NA,NA,NA,NA,NA,NA,NA,NA,NA,NA,NA,NA,NA,NA,NA,NA,NA,NA,NA,NA,NA,NA,NA,NA,NA,NA,NA,NA,NA,NA,NA,NA,NA,NA,NA,NA,NA,NA,NA,NA,NA,NA,NA,NA,NA,NA,NA,NA,NA,NA,NA,NA,NA,NA,NA,NA,NA,NA,NA,NA,NA,NA,NA,NA,NA,NA,NA,NA,NA,NA,NA,NA,NA,NA,NA,NA,NA,NA,NA,NA,NA,NA,NA,NA,NA,NA,NA,NA,NA,NA,NA,NA,NA,NA,NA,NA,NA,NA,NA,NA,NA,NA,NA,NA,NA,NA,NA,NA,NA,NA,NA,NA,NA,NA,NA,NA,NA,NA,NA,NA,NA,NA,NA,NA,NA,NA,NA,NA,NA,NA,NA,NA,NA,NA,NA,NA,NA,NA,NA,NA,NA,NA,NA,NA,NA,NA,NA,NA,NA,NA,NA,NA
"82","ijQv_GvDeEmixj_wW6_HM7XqtXBy4pEobf3ZHGPsIwrfgzVCxHyRlWhLButKChzl",1,28,1,1,1,1,1,1,1,2,1,NA,1,1,1,1,1,1,1,1,1,NA,1,1,3,1,1,1,1,1,1,NA,1,1,1,1,1,1,1,1,1,NA,5,6,5,5,5,5,5,5,5,NA,5,6,5,3,6,5,5,5,5,NA,6,6,6,5,6,5,6,5,5,NA,5,5,5,4,5,5,4,5,5,NA,6,5,5,5,5,5,5,5,5,NA,3,4,5,5,5,5,5,5,5,NA,29,72,70,68,74,62,30,23,33,NA,65,69,66,85,76,73,52,39,30,NA,1,1,1,1,1,1,1,1,1,NA,1,4,1,1,1,4,1,1,1,NA,3,4,1,1,1,1,1,1,4,NA,1,2,3,4,5,6,7,8,9,10
"83","JQ_KTy8lGKyrJZLqgOZ1j5dDHqSY76h7LOFLe_yaUaBboI4xUkokQuHHnWD5GjG5",1,30,3,5,1,1,1,1,NA,1,1,1,1,1,1,1,1,1,NA,1,1,1,1,1,1,1,1,1,NA,1,1,1,1,1,1,1,1,1,NA,1,1,1,3,5,3,4,5,3,NA,4,5,5,5,5,5,4,5,5,NA,4,5,5,5,5,5,5,5,5,NA,4,5,5,5,5,5,5,5,3,NA,4,5,5,6,4,5,5,5,3,NA,4,5,1,3,5,5,5,5,3,NA,4,5,5,67,75,86,21,22,29,NA,70,36,8,74,66,57,91,90,79,NA,72,78,92,2,2,1,1,1,2,NA,1,1,1,1,1,2,1,2,2,NA,1,1,1,3,2,2,1,2,2,NA,1,1,3,1,2,3,4,5,6,7,8,9,10
"84","IOG0NyV7sq_GBE0e0NM9zODjZD1vU40PZEqSkX5M0CUC5gs4Q1zv0IRPfTHNFe5R",1,23,NA,NA,NA,NA,NA,NA,NA,NA,NA,NA,NA,NA,NA,NA,NA,NA,NA,NA,NA,NA,NA,NA,NA,NA,NA,NA,NA,NA,NA,NA,NA,NA,NA,NA,NA,NA,NA,NA,NA,NA,NA,NA,NA,NA,NA,NA,NA,NA,NA,NA,NA,NA,NA,NA,NA,NA,NA,NA,NA,NA,NA,NA,NA,NA,NA,NA,NA,NA,NA,NA,NA,NA,NA,NA,NA,NA,NA,NA,NA,NA,NA,NA,NA,NA,NA,NA,NA,NA,NA,NA,NA,NA,NA,NA,NA,NA,NA,NA,NA,NA,NA,NA,NA,NA,NA,NA,NA,NA,NA,NA,NA,NA,NA,NA,NA,NA,NA,NA,NA,NA,NA,NA,NA,NA,NA,NA,NA,NA,NA,NA,NA,NA,NA,NA,NA,NA,NA,NA,NA,NA,NA,NA,NA,NA,NA,NA,NA,NA,NA,NA,NA,NA,NA,NA,NA,NA,NA,NA,NA,NA
"85","IPQtG52LU9YEXHn56qDWyTfJajPTyGN7MOSGD7YR5l5X_v_7_Jl0iFyI7h7nd-ut",2,60,1,2,1,2,2,1,2,1,1,1,1,2,1,1,2,1,2,1,1,1,3,3,2,4,2,1,3,2,1,1,1,1,1,1,2,1,2,1,1,1,5,4,5,5,5,5,5,5,5,5,5,5,5,5,5,5,5,5,5,5,1,1,3,6,6,6,6,6,6,6,5,5,5,5,4,4,5,5,5,5,5,5,5,5,5,5,5,5,5,5,5,1,5,5,5,5,5,5,5,5,90,60,76,69,50,73,79,68,74,39,50,60,50,50,50,50,34,40,44,59,1,1,1,1,3,2,1,1,1,1,1,1,1,1,3,2,2,1,1,1,1,1,1,2,3,2,2,2,1,1,1,2,3,4,5,6,7,8,9,10
"86","-i56CwA2W0vGDFJfv88U1tg8inmjZhxXBSnV2JwGdp9CdUf1EbZXtF-7DUUdljmR",1,25,NA,1,1,1,3,1,NA,2,3,2,NA,1,1,1,1,1,NA,1,2,1,NA,1,1,1,1,3,NA,2,1,1,NA,1,1,1,2,2,NA,1,2,2,NA,2,3,3,3,3,NA,2,2,3,NA,2,3,4,4,3,NA,3,3,4,NA,2,3,3,2,2,NA,4,2,3,NA,4,5,4,4,4,NA,4,4,4,NA,5,4,4,4,4,NA,4,4,4,NA,3,4,4,4,4,NA,3,3,4,NA,30,37,85,85,88,NA,74,71,89,NA,53,45,51,71,69,NA,44,41,40,NA,2,2,1,2,1,NA,1,1,2,NA,2,2,3,2,1,NA,2,1,2,NA,3,3,2,2,2,NA,2,2,2,1,2,3,4,5,6,7,8,9,10
"87","SwJh7qejq4biycEwWy6gcwQP52dy1pv9SEtGd7gHULOp0L7RUxkE3xrmKGybs_fW",1,25,1,2,1,1,1,1,1,1,1,1,1,1,1,1,1,1,1,1,1,1,1,1,1,1,1,1,1,1,1,1,1,1,1,1,1,1,1,1,1,1,3,5,5,4,5,5,5,5,5,5,4,5,5,5,5,5,5,5,5,5,3,3,3,3,3,3,3,3,4,4,5,5,5,5,5,5,5,5,5,5,5,5,5,5,5,5,5,5,5,5,4,6,4,4,3,5,5,4,5,4,63,80,62,42,70,15,40,39,32,58,84,70,76,73,66,54,54,37,72,69,1,1,1,1,1,1,1,1,1,1,1,1,1,1,1,1,1,1,1,1,2,2,2,2,2,2,3,3,2,2,1,2,3,4,5,6,7,8,9,10
"88","IE14B2qGMRvc6p-SL4mJ2Owy11RVNtgI7kcdG5aru7hcokXdrIYgn86Q9bVcQ7Q5",1,25,1,NA,1,NA,NA,NA,NA,NA,NA,NA,1,NA,1,NA,NA,NA,NA,NA,NA,NA,2,NA,1,NA,NA,NA,NA,NA,NA,NA,1,NA,1,NA,NA,NA,NA,NA,NA,NA,5,NA,5,NA,NA,NA,NA,NA,NA,NA,5,NA,5,NA,NA,NA,NA,NA,NA,NA,5,NA,5,NA,NA,NA,NA,NA,NA,NA,5,NA,5,NA,NA,NA,NA,NA,NA,NA,5,NA,5,NA,NA,NA,NA,NA,NA,NA,6,NA,6,NA,NA,NA,NA,NA,NA,NA,60,NA,80,NA,NA,NA,NA,NA,NA,NA,20,NA,50,NA,NA,NA,NA,NA,NA,NA,3,NA,1,NA,NA,NA,NA,NA,NA,NA,2,NA,1,NA,NA,NA,NA,NA,NA,NA,4,NA,4,NA,NA,NA,NA,NA,NA,NA,1,2,3,NA,NA,NA,NA,NA,NA,NA
"89","Mm-HpAZgpDIehoFaDrfzDrYtPqPeWeXceXyTtxp2xkTrRpxMw05-mlvXNQUPCGys",1,25,1,1,1,2,1,2,1,1,1,1,2,2,1,1,1,1,1,1,1,1,1,4,1,1,1,1,1,1,1,1,2,1,2,2,2,1,1,2,1,1,5,4,5,4,4,5,5,4,5,5,5,4,5,4,4,5,4,4,NA,5,5,4,4,4,4,4,4,4,4,4,5,4,4,4,5,5,5,4,4,4,5,5,4,4,5,5,5,4,4,4,4,4,4,4,4,4,4,3,4,5,92,100,100,100,50,28,71,74,50,33,50,30,22,23,82,74,50,50,73,68,2,1,1,1,1,1,1,1,1,1,2,1,1,1,1,1,1,1,2,1,2,2,2,2,2,2,2,2,2,1,1,2,3,4,5,6,7,8,9,10
"90","dQv1O3LX9pktRPjr-NJvu0YekXOe1esyKPtopuDX70jP1xrGfsPnIEBDRhzR5eFs",2,30,1,2,3,2,NA,2,3,NA,4,3,3,2,2,2,NA,2,2,NA,4,3,2,2,2,2,NA,2,2,NA,4,4,1,2,2,2,NA,2,1,NA,4,3,2,2,2,3,NA,3,3,NA,2,3,2,2,2,2,NA,3,4,NA,2,3,2,2,2,3,NA,3,3,NA,2,3,3,3,4,4,NA,3,4,NA,3,3,1,2,3,3,NA,3,2,NA,2,2,2,2,3,3,NA,3,3,NA,2,1,85,49,20,100,NA,58,0,NA,100,68,19,80,100,14,NA,58,100,NA,21,69,3,4,4,3,NA,3,3,NA,5,4,3,4,4,3,NA,3,3,NA,5,5,3,4,4,3,NA,4,3,NA,5,5,1,2,3,4,5,6,7,8,9,10
"91","NjTAEgtdNnvKq8KZRxw2t3EZukGL--jxCYdmGxjzEO_6FDZqXfXq-AYUBzpoBGeB",1,25,2,1,1,1,1,1,1,1,NA,NA,1,1,1,1,1,1,1,1,NA,NA,1,1,1,1,1,1,3,1,NA,NA,1,1,1,1,1,1,1,1,NA,NA,4,5,5,5,5,5,5,4,NA,NA,4,6,5,4,6,5,5,4,NA,NA,4,5,5,3,5,5,2,3,NA,NA,4,6,5,4,4,5,5,3,NA,NA,4,5,5,5,6,5,6,5,NA,NA,4,5,4,5,6,5,3,5,NA,NA,50,70,100,20,80,80,71,84,NA,NA,50,80,41,80,100,60,30,60,NA,NA,1,1,1,1,1,1,2,1,NA,NA,1,1,1,1,1,1,2,1,NA,NA,1,1,1,1,1,1,2,1,NA,NA,1,2,3,4,5,6,7,8,NA,NA
"92","0NZmnpOaEy2bjressDIj2COyVcQTjz-6yAZBaoXEgkBHbgS1NMD_N_8Mx9UUlzjf",2,60,1,3,1,1,3,1,3,1,1,5,1,1,1,1,1,1,1,1,1,1,1,1,2,1,3,1,3,2,1,1,1,1,1,1,1,1,1,1,1,1,6,6,5,5,4,6,6,5,6,5,6,5,5,5,5,6,5,5,6,5,6,6,5,6,6,6,6,6,6,6,5,5,5,5,3,6,4,4,5,3,5,5,5,5,5,6,5,5,5,5,6,4,4,6,4,4,4,4,6,3,21,91,75,81,50,33,82,90,50,37,50,50,50,50,35,35,61,30,50,50,1,1,1,1,1,1,1,1,1,1,2,3,3,1,2,2,1,1,1,2,3,3,3,1,2,2,2,2,2,3,1,2,3,4,5,6,7,8,9,10
"93","DTw2qRobUmWn5efOK9kovTtyerARw4C1CgEdyi9u12bDTrv3eE4RHjxlClvpRnFn",2,53,2,2,3,2,3,NA,3,NA,NA,NA,1,2,2,1,3,NA,3,NA,NA,NA,1,1,2,1,2,NA,3,NA,NA,NA,1,3,3,2,2,NA,1,NA,NA,NA,5,5,5,4,4,NA,5,NA,NA,NA,6,5,6,4,4,NA,4,NA,NA,NA,4,4,5,5,5,NA,4,NA,NA,NA,5,5,3,5,5,NA,3,NA,NA,NA,5,5,4,4,4,NA,3,NA,NA,NA,5,4,4,4,4,NA,6,NA,NA,NA,20,89,65,60,90,NA,90,NA,NA,NA,79,80,51,73,80,NA,33,NA,NA,NA,2,2,1,2,2,NA,1,NA,NA,NA,3,1,1,3,3,NA,2,NA,NA,NA,3,3,3,3,4,NA,3,NA,NA,NA,1,2,3,4,5,6,7,NA,NA,NA
"94","bFjKRh3m3-v1rZS2KMj3btEGyDNO0zJbeFhmltk3LjcHiV3rYKFii5wJz4jWsBgY",1,28,1,1,1,1,1,1,4,3,1,1,1,1,1,1,1,1,1,1,1,1,1,1,1,1,3,4,1,1,1,3,1,1,1,1,1,1,1,1,1,1,6,6,6,6,6,6,6,6,6,6,5,6,6,6,4,5,6,6,3,6,6,6,6,6,6,6,6,6,6,6,5,5,5,6,5,5,5,5,5,5,5,5,5,1,5,5,5,5,3,5,6,4,6,6,6,6,6,6,2,6,29,69,44,0,69,84,37,94,57,84,90,80,90,100,74,72,75,71,46,68,1,1,1,4,1,1,1,1,3,1,1,1,1,2,1,1,1,1,3,1,2,1,2,4,1,1,1,2,4,1,1,2,3,4,5,6,7,8,9,10
